Title,Authors,Affiliations
Effects of p-type dopant on photovoltaic performance of pervoskite solar cells using phthalocyanine-tetrabenzoporphyrin hole transport materials: A combined theoretical and experimental study,Le T.H.,"[{'@_fa': 'true', 'affilname': 'Hanoi University of Science and Technology', 'affiliation-city': 'Hanoi', 'affiliation-country': 'Viet Nam'}]"
Development of gelatin/agarose active coatings functionalized with Ocimum gratissimum L. essential oil for enhancing storability of ‘Booth 7’ avocado,Pham B.T.T.,"[{'@_fa': 'true', 'affilname': 'Dại học Nguyen Tat Thanh', 'affiliation-city': 'Ho Chi Minh City', 'affiliation-country': 'Viet Nam'}]"
Aggregation phenomena and physico-chemical properties of tetradecyltrimethylammonium bromide and protein (bovine serum albumin) mixture: Influence of electrolytes and temperature,Bhuiyan H.A.,"[{'@_fa': 'true', 'affilname': 'Jahangirnagar University', 'affiliation-city': 'Dhaka', 'affiliation-country': 'Bangladesh'}]"
Vietnam's regulations on sea dumping: Outstanding issues and suggestions for improvement,Le D.D.,"[{'@_fa': 'true', 'affilname': 'Ministry of Natural Resources and Environment', 'affiliation-city': None, 'affiliation-country': 'Viet Nam'}]"
Microplastic accumulation in oysters: Insights from aquaculture and laboratory conditions,Dao T.S.,"[{'@_fa': 'true', 'affilname': 'Ho Chi Minh City University of Technology - HCMUT', 'affiliation-city': 'Ho Chi Minh City', 'affiliation-country': 'Viet Nam'}]"
Boosting borohydride hydrolysis for H<inf>2</inf> generation by MOF-templated void-engineered shaggy cobalt oxide: Abundant oxygen vacancy-mediated enhancement,Tuan D.D.,"[{'@_fa': 'true', 'affilname': 'Thai Nguyen University', 'affiliation-city': 'Thai Nguyen', 'affiliation-country': 'Viet Nam'}]"
Effects of Ultrasound Assisted Extraction on Efficiency and Quality of Rice Bran Oil,Phan V.M.,"[{'@_fa': 'true', 'affilname': 'Ba Ria-Vung Tau College of Technology', 'affiliation-city': 'Vung Tau City', 'affiliation-country': 'Viet Nam'}]"
Numerical study on thermal resistance of PCMs incorporated in novel roof structures against energy loss,Nguyen L.M.Q.,"[{'@_fa': 'true', 'affilname': 'Duy Tan University', 'affiliation-city': 'Da Nang', 'affiliation-country': 'Viet Nam'}]"
Comprehensive study on using hydrogen-gasoline-ethanol blends as flexible fuels in an existing variable speed SI engine,Inbanaathan P.V.,"[{'@_fa': 'true', 'affilname': 'Mepco Schlenk Engineering College', 'affiliation-city': 'Sivakasi', 'affiliation-country': 'India'}]"
"Neuropsychiatric symptoms after moderate-to-severe traumatic brain injury in Vietnam: Assessment, prevalence, and impact on caregivers",Nguyen M.N.,"[{'@_fa': 'true', 'affilname': 'Ltd', 'affiliation-city': 'Ho Chi Minh City', 'affiliation-country': 'Viet Nam'}]"
A Hybrid Photorealistic Architecture Based on Generating Facial Features and Body Reshaping for Virtual Try-on Applications,Van Duc T.,"[{'@_fa': 'true', 'affilname': 'Viettel High Technology Industries Corporation', 'affiliation-city': 'Hanoi', 'affiliation-country': 'Viet Nam'}]"
An Integrated Two-Factor Authentication Scheme for Smart Communications and Control Systems,Minh H.T.,"[{'@_fa': 'true', 'affilname': 'Posts and Telecommunications Institute of Technology Vietnam', 'affiliation-city': 'Hanoi', 'affiliation-country': 'Viet Nam'}]"
Efficient approach for mining high-utility patterns on incremental databases with dynamic profits,Kim S.,"[{'@_fa': 'true', 'affilname': 'Sejong University', 'affiliation-city': 'Seoul', 'affiliation-country': 'South Korea'}]"
Thermal energy simulation of the building with heating tube embedded in the wall in the presence of different PCM materials,Alshammari T.O.,"[{'@_fa': 'true', 'affilname': 'Jouf University', 'affiliation-city': 'Sakakah', 'affiliation-country': 'Saudi Arabia'}]"
Development of a simple and low-cost method using Moringa seeds for efficient virus concentration in wastewater,Canh V.D.,"[{'@_fa': 'true', 'affilname': 'The University of Tokyo', 'affiliation-city': 'Tokyo', 'affiliation-country': 'Japan'}]"
Sorption of oxytetracycline to microsized colloids under concentrated salt solution: A perspective on terrestrial-to-ocean transfer of antibiotics,Nguyen A.Q.,"[{'@_fa': 'true', 'affilname': 'Vietnam National University, Hanoi', 'affiliation-city': 'Hanoi', 'affiliation-country': 'Viet Nam'}]"
"Global Burden of Cardiovascular Diseases and Risks, 1990-2022",Mensah G.A.,"[{'@_fa': 'true', 'affilname': 'National Institutes of Health (NIH)', 'affiliation-city': 'Bethesda', 'affiliation-country': 'United States'}, {'@_fa': 'true', 'affilname': 'National Heart, Lung, and Blood Institute (NHLBI)', 'affiliation-city': 'Bethesda', 'affiliation-country': 'United States'}, {'@_fa': 'true', 'affilname': 'University of Cape Town', 'affiliation-city': 'Cape Town', 'affiliation-country': 'South Africa'}]"
MOF-Templated Hierarchical Porous Hollow Core-Shell Framework Cobalt Oxide for Enhancing Hydrogen Generation from Borohydride-Based Hydrolysis,Tran D.T.,"[{'@_fa': 'true', 'affilname': 'Vietnam National University, Hanoi', 'affiliation-city': 'Hanoi', 'affiliation-country': 'Viet Nam'}]"
Semiology in Vietnam,Trinh H.T.,"[{'@_fa': 'true', 'affilname': 'Institute of Literature', 'affiliation-city': 'Hanoi', 'affiliation-country': 'Viet Nam'}]"
"Cyclotides, Cyclic Peptides Derived from Clitoria ternatea Linn Mature Pods, Hold Promise as Potential Antimicrobial Agent",Tran T.T.T.,"[{'@_fa': 'true', 'affilname': 'Vietnam Academy of Science and Technology', 'affiliation-city': 'Hanoi', 'affiliation-country': 'Viet Nam'}]"
"Structural, Optical, and Magnetic Properties of o-TbFeO<inf>3</inf> Nanomaterials Synthesized by the co-Precipitation Method",Anh Tien N.,"[{'@_fa': 'true', 'affilname': 'Ho Chi Minh City University of Education', 'affiliation-city': 'Ho Chi Minh City', 'affiliation-country': 'Viet Nam'}]"
First-principles study on the specific heat jump in the glass transition of silica glass and the Prigogine-Defay ratio,Shirai K.,"[{'@_fa': 'true', 'affilname': 'Vietnam National University, Hanoi', 'affiliation-city': 'Hanoi', 'affiliation-country': 'Viet Nam'}, {'@_fa': 'true', 'affilname': 'Osaka University', 'affiliation-city': 'Suita', 'affiliation-country': 'Japan'}]"
Revealing the Key Drivers Conducive to the “Once-In-A-Century” 2021 Peninsular Malaysia Flood,Dong L.,"[{'@_fa': 'true', 'affilname': 'School of Computer Science and Engineering', 'affiliation-city': 'Singapore City', 'affiliation-country': 'Singapore'}]"
Preparation of ZnO/Ag nanoflowers by hydrothermal assisted with galvanic effect and its surface enhanced Raman scattering activity,Tran T.H.,"[{'@_fa': 'true', 'affilname': 'Hanoi University of Mining and Geology', 'affiliation-city': 'Hanoi', 'affiliation-country': 'Viet Nam'}]"
"Electronic structure, and dielectric, magnetic and reflection-loss behaviors of BaFe<inf>12-x</inf>Mn<inf>x</inf>O<inf>19</inf> (0 &lt; x ≤ 2) hexaferrites",Dongquoc V.,"[{'@_fa': 'true', 'affilname': 'Chungnam National University', 'affiliation-city': 'Daejeon', 'affiliation-country': 'South Korea'}]"
"Current situation and health risk assessment of neonicotinoids insecticides in urban indoor dust from Ha Noi, Viet Nam",Ho H.N.,"[{'@_fa': 'true', 'affilname': 'Vietnamese Academy of Science and Technology Institute of Chemistry', 'affiliation-city': 'Hanoi', 'affiliation-country': 'Viet Nam'}]"
Modelling carbon dioxide gas emission from Notopterus chitala fish ponds by stella software,So N.V.,No affiliation
Optical properties of circular photonic crystal fibers filled with carbon tetrachloride,Duc H.T.,"[{'@_fa': 'true', 'affilname': 'University of Education, Hue University', 'affiliation-city': 'Hue', 'affiliation-country': 'Viet Nam'}]"
A novel IDS system based on Hedge algebras to detect DDOS attacks in IoT systems,Minh H.T.,"[{'@_fa': 'true', 'affilname': 'Posts and Telecoms Institute of Technology', 'affiliation-city': 'Hanoi', 'affiliation-country': 'Viet Nam'}]"
Secondary metabolites from Sarcosperma kontumense,Vuong N.Q.,"[{'@_fa': 'true', 'affilname': 'Vietnam Academy of Science and Technology', 'affiliation-city': 'Hanoi', 'affiliation-country': 'Viet Nam'}]"
Theoretical study on the insertion reaction of CH(X<sup>2</sup>Π) into the oh bond in n-C<inf>4</inf>H<inf>9</inf>OH,Nghia N.T.,"[{'@_fa': 'true', 'affilname': 'School of Chemical Engineering', 'affiliation-city': 'Hanoi', 'affiliation-country': 'Viet Nam'}]"
Application of face centered composite central for optimization of pangasius catfish aquaculture wastewater treatment using potassium ferrate,Phuc H.G.,"[{'@_fa': 'true', 'affilname': 'International University - Vietnam National University HCM City', 'affiliation-city': 'Ho Chi Minh City', 'affiliation-country': 'Viet Nam'}, {'@_fa': 'true', 'affilname': 'Viet Nam National University Ho Chi Minh City', 'affiliation-city': 'Ho Chi Minh City', 'affiliation-country': 'Viet Nam'}]"
Eco-friendly method of biocementation for soil improvement and environmental remediation in the context of Viet Nam: a state-of-the-art review,Huynh N.N.T.,"[{'@_fa': 'true', 'affilname': 'Ho Chi Minh City University of Technology - HCMUT', 'affiliation-city': 'Ho Chi Minh City', 'affiliation-country': 'Viet Nam'}, {'@_fa': 'true', 'affilname': 'Viet Nam National University Ho Chi Minh City', 'affiliation-city': 'Ho Chi Minh City', 'affiliation-country': 'Viet Nam'}]"
"Assessment of the role of ACC deaminase, IAA, and siderophore-producing bacteria isolated from Spratly Islands on the growth of Brassica juncea on the coral sand",Chi V.T.Q.,"[{'@_fa': 'true', 'affilname': 'Centre of Marine Environmental Monitoring and Analysis', 'affiliation-city': 'Haiphong', 'affiliation-country': 'Viet Nam'}]"
Influence of some additives on burning rate of KNO<inf>3</inf>-based compositions,Tuan N.D.,"[{'@_fa': 'true', 'affilname': 'Le Quy Don Technical University', 'affiliation-city': 'Hanoi', 'affiliation-country': 'Viet Nam'}]"
Pandemic OPSD woes,Watanabe M.,"[{'@_fa': 'true', 'affilname': 'Graduate School of Medical and Dental Sciences', 'affiliation-city': 'Tokyo', 'affiliation-country': 'Japan'}]"
Pain is common in early onset Parkinson's disease and pain severity is associated with age and worsening of motor and non-motor symptoms,Hoang D.T.,"[{'@_fa': 'true', 'affilname': 'Vietnam Military Medical University', 'affiliation-city': 'Hanoi', 'affiliation-country': 'Viet Nam'}]"
Injectable thermogel incorporating reactive oxygen species scavenger and nitric oxide donor to accelerate the healing process of diabetic wounds,Dang L.H.,"[{'@_fa': 'true', 'affilname': 'Vietnam Academy of Science and Technology', 'affiliation-city': 'Hanoi', 'affiliation-country': 'Viet Nam'}]"
Peroxymonosulfate-assisted visible light sensitive 0D/3D Z-scheme NiCo<inf>2</inf>O<inf>4</inf>@g-C<inf>3</inf>N<inf>4</inf> photocatalyst for effective degradation of ibuprofen in water,Nguyen T.B.,"[{'@_fa': 'true', 'affilname': 'National Kaohsiung University of Science and Technology', 'affiliation-city': 'Kaohsiung', 'affiliation-country': 'Taiwan'}]"
Effect of annealing on the exchange coupling between magnetic phases and the exchange bias effect in Co/CoO nanocomposite,Do H.M.,"[{'@_fa': 'true', 'affilname': 'Vietnamese Academy of Science and Technology Institute of Materials Science', 'affiliation-city': 'Hanoi', 'affiliation-country': 'Viet Nam'}]"
Wireless water consumption sensing system for building energy efficiency: A visual-based approach with self-powered operation,Liang R.,"[{'@_fa': 'true', 'affilname': 'Guangdong University of Technology', 'affiliation-city': 'Guangzhou', 'affiliation-country': 'China'}]"
Cascading use of macadamia nutshell for production of energy and adsorbents through biomass gasification,Linh Vu N.,"[{'@_fa': 'true', 'affilname': 'Vietnam National University, Hanoi', 'affiliation-city': 'Hanoi', 'affiliation-country': 'Viet Nam'}]"
Enhancing emission control and analyzing the performance and combustion attributes of vehicular engines with spirulina microalgae diesel Ce<inf>2</inf>O<inf>3</inf> nanoparticles blends,Brindahdevi K.,"[{'@_fa': 'true', 'affilname': 'Duy Tan University', 'affiliation-city': 'Da Nang', 'affiliation-country': 'Viet Nam'}]"
Determination of optical constants via the single oscillator Drude-Voigt dispersion model in fluoroborate glass for optical lenses: Nonlinear optical properties,Doddoji R.,"[{'@_fa': 'true', 'affilname': 'Duy Tan University', 'affiliation-city': 'Da Nang', 'affiliation-country': 'Viet Nam'}]"
"Design and evaluation of a novel heliostat-based combined cooling, heating, and power (CCHP) system: 3E analysis and multi-criteria optimization by response surface methodology (RSM)",Yan M.,"[{'@_fa': 'true', 'affilname': 'Tongji University', 'affiliation-city': 'Shanghai', 'affiliation-country': 'China'}]"
Multi-objective optimization for free vibration of L-shaped bi-functionally graded sandwich plates using an effective finite element method and non-dominated sorting genetic algorithm II,Hoa Pham Q.,"[{'@_fa': 'true', 'affilname': 'Dại học Nguyen Tat Thanh', 'affiliation-city': 'Ho Chi Minh City', 'affiliation-country': 'Viet Nam'}]"
Application of lipid and polymeric-based nanoparticles for treatment of inner ear infections via XGBoost,Zhang J.,"[{'@_fa': 'true', 'affilname': 'The First Affiliated Hospital of Wenzhou Medical University', 'affiliation-city': 'Wenzhou', 'affiliation-country': 'China'}]"
Hybrid fuzzy Laplace-like transforms for solving fractional-order fuzzy differential equations,Ullah A.,"[{'@_fa': 'true', 'affilname': 'University of Malakand', 'affiliation-city': 'Chakdara', 'affiliation-country': 'Pakistan'}]"
First-principles investigations of structural and electronic properties of SnAs/SnAsCl heterostructure,Nha P.H.,"[{'@_fa': 'true', 'affilname': 'Hanoi University of Industry', 'affiliation-city': 'Hanoi', 'affiliation-country': 'Viet Nam'}]"
"Evaluation of structural, optical, and magnetic properties of Gd doped MnFe<inf>2</inf>O<inf>4</inf> nanoparticles",Nguyen L.H.,"[{'@_fa': 'true', 'affilname': 'Van Lang University', 'affiliation-city': 'Ho Chi Minh City', 'affiliation-country': 'Viet Nam'}]"
Linear correlated fuzzy solutions of nonlocal problems for multi-order fractional differential systems,Son N.T.K.,"[{'@_fa': 'true', 'affilname': 'Hanoi Metropolitan University', 'affiliation-city': 'Hanoi', 'affiliation-country': 'Viet Nam'}]"
A homogeneous composite approach for improved thermoelectric performance: Repressing lattice thermal conductivity in substoichiometric WO<inf>2.90</inf> and WO<inf>2.72</inf>,Tran N.Q.M.,"[{'@_fa': 'true', 'affilname': 'Viet Nam National University Ho Chi Minh City', 'affiliation-city': 'Ho Chi Minh City', 'affiliation-country': 'Viet Nam'}, {'@_fa': 'true', 'affilname': 'Center for Innovative Materials and Architectures (INOMAR)', 'affiliation-city': 'Ho Chi Minh City', 'affiliation-country': 'Viet Nam'}]"
"Atomic order, magnetic and transport phenomena in half-Heusler CoMnSb<inf>0.9</inf>Z<inf>0.1</inf> alloys (Z = Si, Al, Sn, and Bi)",Nguyen Phuc D.,"[{'@_fa': 'true', 'affilname': 'International Training Institute for Materials Science', 'affiliation-city': 'Hanoi', 'affiliation-country': 'Viet Nam'}]"
Highly efficient latent fingerprint detection from NaYF<inf>4</inf>:Eu down-shifting microparticles,Tan V.D.,"[{'@_fa': 'true', 'affilname': 'Viet Nam National University Ho Chi Minh City', 'affiliation-city': 'Ho Chi Minh City', 'affiliation-country': 'Viet Nam'}, {'@_fa': 'true', 'affilname': 'University of Science, Viet Nam National University Ho Chi Minh City', 'affiliation-city': 'Ho Chi Minh City', 'affiliation-country': 'Viet Nam'}]"
Involution widths of skew linear groups generated by involutions,Bien M.H.,"[{'@_fa': 'true', 'affilname': 'Viet Nam National University Ho Chi Minh City', 'affiliation-city': 'Ho Chi Minh City', 'affiliation-country': 'Viet Nam'}, {'@_fa': 'true', 'affilname': 'University of Science, Viet Nam National University Ho Chi Minh City', 'affiliation-city': 'Ho Chi Minh City', 'affiliation-country': 'Viet Nam'}]"
Depth-bounded fuzzy simulations and bisimulations between fuzzy automata,Nguyen L.A.,"[{'@_fa': 'true', 'affilname': 'Dại học Nguyen Tat Thanh', 'affiliation-city': 'Ho Chi Minh City', 'affiliation-country': 'Viet Nam'}, {'@_fa': 'true', 'affilname': 'University of Warsaw, Institute of Informatics', 'affiliation-city': 'Warsaw', 'affiliation-country': 'Poland'}]"
Optimizing fin design for enhanced melting performance in latent heat thermal energy storage systems,Wang Y.,"[{'@_fa': 'true', 'affilname': 'Sejong University', 'affiliation-city': 'Seoul', 'affiliation-country': 'South Korea'}]"
Asymptotically periodic solutions for fractional differential variational inequalities,Van Anh N.T.,"[{'@_fa': 'true', 'affilname': 'Trường Đại học Sư phạm Hà Nội', 'affiliation-city': 'Hanoi', 'affiliation-country': 'Viet Nam'}, {'@_fa': 'true', 'affilname': 'Hanoi Institute of Mathematics', 'affiliation-city': 'Hanoi', 'affiliation-country': 'Viet Nam'}]"
"Thermal neutron capture cross-section and resonance integral measurements of <sup>186</sup>W(n,γ)<sup>187</sup>W reaction using the thermal column neutron source at the Dalat research reactor",Tu Anh T.T.,"[{'@_fa': 'true', 'affilname': 'University of Dalat', 'affiliation-city': 'Dalat', 'affiliation-country': 'Viet Nam'}]"
Plastic deformation in nanoindentation of Al<inf>x</inf>(CuCrFeNi)<inf>1−x</inf> high entropy alloy,Nguyen H.G.,"[{'@_fa': 'true', 'affilname': 'Kien Giang University', 'affiliation-city': 'Chau Thanh District', 'affiliation-country': 'Viet Nam'}, {'@_fa': 'true', 'affilname': 'National Kaohsiung University of Science and Technology', 'affiliation-city': 'Kaohsiung', 'affiliation-country': 'Taiwan'}]"
"Effect of Gd substitution on structure, optical and magnetic properties, and heating efficiency of Fe<inf>3</inf>O<inf>4</inf> nanoparticles for magnetic hyperthermia applications",Nguyen L.H.,"[{'@_fa': 'true', 'affilname': 'Van Lang University', 'affiliation-city': 'Ho Chi Minh City', 'affiliation-country': 'Viet Nam'}]"
Stochastic nutrient-plankton models,Hening A.,"[{'@_fa': 'true', 'affilname': 'Texas A&amp;M University', 'affiliation-city': 'College Station', 'affiliation-country': 'United States'}]"
The synergy of zinc oxide supported magnetic cobalt ferrite: Efficient boosting the peroxymonosulfate activation towards the refractory organic pollutants elimination,Le P.N.M.,"[{'@_fa': 'true', 'affilname': 'Ho Chi Minh City University of Technology - HCMUT', 'affiliation-city': 'Ho Chi Minh City', 'affiliation-country': 'Viet Nam'}, {'@_fa': 'true', 'affilname': 'Viet Nam National University Ho Chi Minh City', 'affiliation-city': 'Ho Chi Minh City', 'affiliation-country': 'Viet Nam'}]"
"A comprehensive review of micro- and nano-plastics in the atmosphere: Occurrence, fate, toxicity, and strategies for risk reduction",Le V.G.,"[{'@_fa': 'true', 'affilname': 'Vietnam National University, Hanoi', 'affiliation-city': 'Hanoi', 'affiliation-country': 'Viet Nam'}]"
"Roles of Fe-ion irradiation on MgB<inf>2</inf> thin films: Structural, superconducting, and optical properties",Tran D.T.,"[{'@_fa': 'true', 'affilname': 'Sungkyunkwan University', 'affiliation-city': 'Seoul', 'affiliation-country': 'South Korea'}]"
"Proposal and comprehensive study of an integrated polygeneration process relying on landfill gas, renewable hydrogen, and binary geothermal cycle",Zhang L.,"[{'@_fa': 'true', 'affilname': 'China Kunlun Contracting and Engineering Corporation', 'affiliation-city': 'Beijing', 'affiliation-country': 'China'}]"
Boosting capacitive deionization of monovalent and hardness ions using Ti<inf>3</inf>C<inf>2</inf>T<inf>x</inf> MXene as an intercalation-type pseudocapacitive electrode,Nguyen T.K.A.,"[{'@_fa': 'true', 'affilname': 'National Tsing Hua University', 'affiliation-city': 'Hsinchu', 'affiliation-country': 'Taiwan'}]"
"Highly efficient, rapid, and practical conversion of carbohydrate into 5-hydroxymethylfurfural using a continuous-flow reactor with 1-(4-sulfobutyl)-3-methylimidazolium bromide ionic liquid as a catalyst",Nguyen T.H.,"[{'@_fa': 'true', 'affilname': 'Viet Nam National University Ho Chi Minh City', 'affiliation-city': 'Ho Chi Minh City', 'affiliation-country': 'Viet Nam'}, {'@_fa': 'true', 'affilname': 'University of Science, Viet Nam National University Ho Chi Minh City', 'affiliation-city': 'Ho Chi Minh City', 'affiliation-country': 'Viet Nam'}]"
Sm-doping driven state-phase transition and energy storage capability in lead-free Ba(Zr<inf>0.35</inf>Ti<inf>0.65</inf>)O<inf>3</inf> films,Vu H.T.,"[{'@_fa': 'true', 'affilname': 'International Training Institute for Materials Science', 'affiliation-city': 'Hanoi', 'affiliation-country': 'Viet Nam'}]"
Advances of 2D-Enabled Photothermal Materials in Hybrid Solar-Driven Interfacial Evaporation Systems toward Water-Fuel-Energy Crisis,Irshad M.S.,"[{'@_fa': 'true', 'affilname': 'International Collaborative Laboratory of 2D Materials for Optoelectronics Science and Technology', 'affiliation-city': 'Shenzhen', 'affiliation-country': 'China'}, {'@_fa': 'true', 'affilname': 'Hubei University', 'affiliation-city': 'Wuhan', 'affiliation-country': 'China'}, {'@_fa': 'true', 'affilname': 'Shenzhen University', 'affiliation-city': 'Shenzhen', 'affiliation-country': 'China'}]"
Microplastics in sediments from urban and suburban rivers: Influence of sediment properties,Duong T.T.,"[{'@_fa': 'true', 'affilname': 'Vietnam Academy of Science and Technology', 'affiliation-city': 'Hanoi', 'affiliation-country': 'Viet Nam'}]"
Corrigendum to “Assessing the bioavailability of black carbon-derived dissolved organic matter for marine heterotrophic prokaryotes” [Sci. Total Environ. 901 (2023) 165802](S004896972304425X)(10.1016/j.scitotenv.2023.165802),Martinot P.L.,"[{'@_fa': 'true', 'affilname': 'Hanoi University of Science and Technology', 'affiliation-city': 'Hanoi', 'affiliation-country': 'Viet Nam'}, {'@_fa': 'true', 'affilname': ""Institut Méditerranéen d'Océanologie"", 'affiliation-city': 'Marseille', 'affiliation-country': 'France'}]"
"Federated Learning for the Healthcare Metaverse: Concepts, Applications, Challenges, and Future Directions",Bashir A.K.,"[{'@_fa': 'true', 'affilname': 'Woxsen University', 'affiliation-city': 'Hyderabad', 'affiliation-country': 'India'}, {'@_fa': 'true', 'affilname': 'Lebanese American University', 'affiliation-city': 'Beirut', 'affiliation-country': 'Lebanon'}, {'@_fa': 'true', 'affilname': 'Manchester Metropolitan University', 'affiliation-city': 'Manchester', 'affiliation-country': 'United Kingdom'}]"
A review on sterilization methods of environmental decontamination to prevent the coronavirus SARS-CoV-2 (COVID-19 virus): A new challenge towards eco-friendly solutions,Hiep N.T.,"[{'@_fa': 'true', 'affilname': 'Ho Chi Minh City University of Natural Resources and Environment', 'affiliation-city': 'Ho Chi Minh City', 'affiliation-country': 'Viet Nam'}]"
Adaptive Dynamic Programming and Zero-Sum Game-Based Distributed Control for Energy Management Systems With Internet of Things,Tan L.N.,"[{'@_fa': 'true', 'affilname': 'Ho Chi Minh City University of Technology - HCMUT', 'affiliation-city': 'Ho Chi Minh City', 'affiliation-country': 'Viet Nam'}, {'@_fa': 'true', 'affilname': 'Viet Nam National University Ho Chi Minh City', 'affiliation-city': 'Ho Chi Minh City', 'affiliation-country': 'Viet Nam'}]"
Quantifying biomass and canopy cover of submerged aquatic vegetation on an offshore island,Ni T.N.K.,"[{'@_fa': 'true', 'affilname': 'University of Sciences, Hue University', 'affiliation-city': 'Hue', 'affiliation-country': 'Viet Nam'}]"
Authentication of ST25 rice using temperature-perturbed Raman measurement with variable selection by Incremental Association Markov Blanket,Thuy Bui T.,"[{'@_fa': 'true', 'affilname': 'Hanyang University', 'affiliation-city': 'Seoul', 'affiliation-country': 'South Korea'}]"
A deep neural network-assisted metamodel for damage detection of trusses using incomplete time-series acceleration,Lieu Q.X.,"[{'@_fa': 'true', 'affilname': 'Ho Chi Minh City University of Technology - HCMUT', 'affiliation-city': 'Ho Chi Minh City', 'affiliation-country': 'Viet Nam'}, {'@_fa': 'true', 'affilname': 'Viet Nam National University Ho Chi Minh City', 'affiliation-city': 'Ho Chi Minh City', 'affiliation-country': 'Viet Nam'}]"
Global attractors of generic reaction diffusion equations under Lipschitz perturbations,Lee J.,"[{'@_fa': 'true', 'affilname': 'Chonnam National University', 'affiliation-city': 'Gwangju', 'affiliation-country': 'South Korea'}]"
An energy decomposition theorem for matrices and related questions,Mohammadi A.,"[{'@_fa': 'true', 'affilname': 'The University of Sydney', 'affiliation-city': 'Sydney', 'affiliation-country': 'Australia'}]"
Silica–Containing Redox Nanoparticles Improve the Antioxidant Activity of Curcumin and its Gastrointestinal Biodistribution Evaluation,Ho S.H.N.,"[{'@_fa': 'true', 'affilname': 'International University - Vietnam National University HCM City', 'affiliation-city': 'Ho Chi Minh City', 'affiliation-country': 'Viet Nam'}, {'@_fa': 'true', 'affilname': 'Viet Nam National University Ho Chi Minh City', 'affiliation-city': 'Ho Chi Minh City', 'affiliation-country': 'Viet Nam'}]"
"Multicomponent reaction for the synthesis of novel fluorinated 2-amino-4H-benzo[g]chromene-5,10-dione-3-carbonitriles",Thanh N.H.,"[{'@_fa': 'true', 'affilname': 'Vietnamese Academy of Science and Technology Institute of Chemistry', 'affiliation-city': 'Hanoi', 'affiliation-country': 'Viet Nam'}, {'@_fa': 'true', 'affilname': 'Vietnam Academy of Science and Technology', 'affiliation-city': 'Hanoi', 'affiliation-country': 'Viet Nam'}]"
Low losses Er<sup>3+</sup>-doped flexible planar waveguide: Toward an all-glass flexible planar photonic system,Carlotto A.,"[{'@_fa': 'true', 'affilname': 'Institute for Photonics and Nanotechnologies, Rome', 'affiliation-city': 'Rome', 'affiliation-country': 'Italy'}]"
Dual anticancer and antibacterial activity of fluorescent naphthoimidazolium salts,Tran D.N.,"[{'@_fa': 'true', 'affilname': 'Trường Đại học Sư phạm Hà Nội', 'affiliation-city': 'Hanoi', 'affiliation-country': 'Viet Nam'}]"
Controlling the optical and magnetic properties of CdTeSe and Gd-doped CdTeSe alloy semiconductor nanocrystals,Ca N.X.,"[{'@_fa': 'true', 'affilname': 'TNU-University of Sciences', 'affiliation-city': 'Thai Nguyen', 'affiliation-country': 'Viet Nam'}]"
Conformal scattering theories for tensorial wave equations on Schwarzschild spacetime,Pham T.X.,"[{'@_fa': 'true', 'affilname': 'Vietnam National University, Hanoi', 'affiliation-city': 'Hanoi', 'affiliation-country': 'Viet Nam'}]"
iMSC: One leap closer to clinical applications,Hoang D.M.,"[{'@_fa': 'true', 'affilname': 'Vinmec Healthcare System', 'affiliation-city': 'Hanoi', 'affiliation-country': 'Viet Nam'}]"
A simple fruit and vegetable score is a valid tool to assess actual fruit and vegetable intake,Pastori G.,"[{'@_fa': 'true', 'affilname': 'Wageningen University &amp; Research', 'affiliation-city': 'Wageningen', 'affiliation-country': 'Netherlands'}]"
Development of mobile phone-based dietary data collection applications in pregnant women and infants for the M-SAKHI trial,Bhaise S.,"[{'@_fa': 'true', 'affilname': 'Lata Medical Research Foundation', 'affiliation-city': 'Nagpur', 'affiliation-country': 'India'}]"
WHAT GETS INTO THE MEDIA: THE CASE OF MEDIA BIAS IN VIETNAM DURING COVID-19,Ly-Le T.M.,"[{'@_fa': 'true', 'affilname': 'Van Lang University', 'affiliation-city': 'Ho Chi Minh City', 'affiliation-country': 'Viet Nam'}]"
Evolution and transmission of antibiotic resistance is driven by Beijing lineage Mycobacterium tuberculosis in Vietnam,Silcocks M.,"[{'@_fa': 'true', 'affilname': 'The Peter Doherty Institute for Infection and Immunity', 'affiliation-city': 'Melbourne', 'affiliation-country': 'Australia'}]"
Bandgap engineering of germanene for gas sensing applications,Le O.K.,"[{'@_fa': 'true', 'affilname': 'Duy Tan University', 'affiliation-city': 'Da Nang', 'affiliation-country': 'Viet Nam'}]"
Fabrication and characterization of a NiO-ZnO/PANI-CNTs composite for sensing of methanol in an aqueous environment,Nam P.T.,"[{'@_fa': 'true', 'affilname': 'Vietnam Academy of Science and Technology', 'affiliation-city': 'Hanoi', 'affiliation-country': 'Viet Nam'}]"
Digital transformation in education: a bibliometric analysis using Scopus,Phuong T.T.T.,"[{'@_fa': 'true', 'affilname': 'Thai Nguyen University of Education', 'affiliation-city': 'Thai Nguyen', 'affiliation-country': 'Viet Nam'}]"
Parameter Estimation and Predictive Speed Control of Chopper-Fed Brushed DC Motors,Thanh S.N.,"[{'@_fa': 'true', 'affilname': 'Hanoi University of Science and Technology', 'affiliation-city': 'Hanoi', 'affiliation-country': 'Viet Nam'}]"
A Review of the Synthesis and Biological Activity of Flavonoid Mannich Base Derivatives,Nguyen V.S.,"[{'@_fa': 'true', 'affilname': 'Trường Đại học Công nghiệp thành phố Hồ Chí Minh', 'affiliation-city': 'Ho Chi Minh City', 'affiliation-country': 'Viet Nam'}]"
"Idiosyncratic volatility, turnover and the cross-section of stock returns: evidence from the Korean stock market",Kim J.,"[{'@_fa': 'true', 'affilname': 'Yeungnam University', 'affiliation-city': 'Gyeongsan', 'affiliation-country': 'South Korea'}]"
Hypoglycemic effects of Stachys affinis Bunge in streptozotocin-induced diabetic mice,Nguyen T.D.,"[{'@_fa': 'true', 'affilname': 'Biotechnology Center of Ho Chi Minh City', 'affiliation-city': 'Ho Chi Minh City', 'affiliation-country': 'Viet Nam'}]"
MHealth application for improving treatment outcomes for patients with multidrug-resistant tuberculosis in Vietnam: An economic evaluation protocol for the V-SMART trial,Cheng Q.,"[{'@_fa': 'true', 'affilname': 'The Kirby Institute', 'affiliation-city': 'Kensington', 'affiliation-country': 'Australia'}]"
Lattice Strain and Composition Effects on the Methanol Oxidation Performance of Platinum-Ruthenium-Nickel Ternary Nanocatalysts,Huynh T.T.,"[{'@_fa': 'true', 'affilname': 'Ho Chi Minh City University of Natural Resources and Environment', 'affiliation-city': 'Ho Chi Minh City', 'affiliation-country': 'Viet Nam'}]"
A NOTE ON SUBNORMAL SUBGROUPS IN DIVISION RINGS CONTAINING SOLVABLE SUBGROUPS,Danh L.Q.,"[{'@_fa': 'true', 'affilname': 'University of Architecture Ho Chi Minh City', 'affiliation-city': 'Ho Chi Minh City', 'affiliation-country': 'Viet Nam'}, {'@_fa': 'true', 'affilname': 'Viet Nam National University Ho Chi Minh City', 'affiliation-city': 'Ho Chi Minh City', 'affiliation-country': 'Viet Nam'}, {'@_fa': 'true', 'affilname': 'University of Science, Viet Nam National University Ho Chi Minh City', 'affiliation-city': 'Ho Chi Minh City', 'affiliation-country': 'Viet Nam'}]"
"Corrigendum to “Unraveling the nature of Fe-doping mediated inter- and intra-chain interactions in Ca<inf>3</inf>Co<inf>2</inf>O<inf>6</inf>” [J. Alloy. Compd. 851 (2021) 15687] (Journal of Alloys and Compounds (2021) 851, (S0925838820332618), (10.1016/j.jallcom.2020.156897))",Das R.,"[{'@_fa': 'true', 'affilname': 'Phenikaa University', 'affiliation-city': 'Hanoi', 'affiliation-country': 'Viet Nam'}, {'@_fa': 'true', 'affilname': 'University of South Florida, Tampa', 'affiliation-city': 'Tampa', 'affiliation-country': 'United States'}]"
Short-term mediating effects of PM<inf>2.5</inf> on climate-associated COPD severity,Tran H.M.,"[{'@_fa': 'true', 'affilname': 'Taipei Medical University', 'affiliation-city': 'Taipei', 'affiliation-country': 'Taiwan'}, {'@_fa': 'true', 'affilname': 'Da Nang University of Medical Technology and Pharmacy', 'affiliation-city': 'Da Nang', 'affiliation-country': 'Viet Nam'}]"
Assessing fluvial organic carbon flux and its response to short climate variability and damming on a large-scale tropical Asian river basin,Fabre C.,"[{'@_fa': 'true', 'affilname': 'Université Fédérale Toulouse Midi-Pyrénées', 'affiliation-city': 'Toulouse', 'affiliation-country': 'France'}]"
Effects of different biofuels and their mixtures with diesel fuel on diesel engine performance and exhausts,Rajak U.,"[{'@_fa': 'true', 'affilname': 'RGM College of Engineering and Technology', 'affiliation-city': 'Nandyal', 'affiliation-country': 'India'}]"
Self-Organized Plasmonic Nanowire Arrays Coated with Ultrathin TiO<inf>2</inf> Films for Photoelectrochemical Energy Storage,Giordano M.C.,"[{'@_fa': 'true', 'affilname': 'Università degli Studi di Genova', 'affiliation-city': 'Genoa', 'affiliation-country': 'Italy'}]"
Accurately predicting the mechanical behavior of deteriorated reinforced concrete components using natural intelligence-integrated Machine learners,Nguyen T.H.,"[{'@_fa': 'true', 'affilname': 'HCMC University of Technology and Education', 'affiliation-city': 'Ho Chi Minh City', 'affiliation-country': 'Viet Nam'}]"
AN ORGANIZATIONAL PERSPECTIVE OF SUSTAINABILITY REPORTING IN THE PUBLIC SECTOR: A SCOPING LITERATURE REVIEW,Flamini G.,"[{'@_fa': 'true', 'affilname': 'Università degli Studi di Roma ""Tor Vergata""', 'affiliation-city': 'Rome', 'affiliation-country': 'Italy'}]"
Integrated global assessment of the natural forest carbon potential,Mo L.,"[{'@_fa': 'true', 'affilname': 'ETH Zürich', 'affiliation-city': 'Zurich', 'affiliation-country': 'Switzerland'}]"
Random lasing from kombucha bacterial cellulose—ZnO bionanocomposite foam,Mai H.H.,"[{'@_fa': 'true', 'affilname': 'Vietnam National University, Hanoi', 'affiliation-city': 'Hanoi', 'affiliation-country': 'Viet Nam'}]"
P-incorporated CuO/Cu<inf>2</inf>S heteronanorods as efficient electrocatalysts for the glucose oxidation reaction toward highly sensitive and selective glucose sensing,Thi L.L.D.,"[{'@_fa': 'true', 'affilname': 'Van Lang University', 'affiliation-city': 'Ho Chi Minh City', 'affiliation-country': 'Viet Nam'}]"
The Impact of Political Connections on Firm Performance in an Emerging Market: Evidence from Legal Regulations in Vietnam,Hong N.T.H.,"[{'@_fa': 'true', 'affilname': 'Foreign Trade University', 'affiliation-city': 'Hanoi', 'affiliation-country': 'Viet Nam'}]"
"SEQUENTIAL MEDIATION ANALYSIS OF WORKPLACE BULLYING, WORK-LIFE CONFLICT, AND YOUNG EMPLOYEES’ OUTCOMES IN VIETNAM",Du H.K.,"[{'@_fa': 'true', 'affilname': 'University of Economics Ho Chi Minh City', 'affiliation-city': 'Ho Chi Minh City', 'affiliation-country': 'Viet Nam'}]"
Ternary heterogeneous Z-scheme photocatalyst TiO<inf>2</inf>/CuInS<inf>2</inf>/OCN incorporated with carbon quantum dots (CQDs) for enhanced photocatalytic degradation efficiency of reactive yellow 145 dye in water,Nguyen M.B.,"[{'@_fa': 'true', 'affilname': 'Vietnamese Academy of Science and Technology Institute of Chemistry', 'affiliation-city': 'Hanoi', 'affiliation-country': 'Viet Nam'}, {'@_fa': 'true', 'affilname': 'Vietnam Academy of Science and Technology', 'affiliation-city': 'Hanoi', 'affiliation-country': 'Viet Nam'}]"
Bio-guided isolation of alpha-glucosidase inhibitory compounds from Vietnamese liverwort Marchantia polymorpha: in vitro and in silico studies,Nguyen N.K.V.,"[{'@_fa': 'true', 'affilname': 'Sai Gon University', 'affiliation-city': 'Ho Chi Minh City', 'affiliation-country': 'Viet Nam'}]"
"Modified Coprecipitation Synthesis of Nickel-Rich NMC (Li<inf>1.0</inf>Ni<inf>0.6</inf>Mn<inf>0.2</inf>Co<inf>0.2</inf>O<inf>2</inf>) for Lithium-Ion Batteries: A Simple, Cost-Effective, Environmentally Friendly Method",Le Thi T.,"[{'@_fa': 'true', 'affilname': 'Joint Vietnam-Russia Tropical Science and Technology Research Center', 'affiliation-city': 'Hanoi', 'affiliation-country': 'Viet Nam'}]"
"Tunable Electronic Properties, Carrier Mobility, and Contact Characteristics in Type-II BSe/Sc<inf>2</inf>CF<inf>2</inf> Heterostructures toward Next-Generation Optoelectronic Devices",Nguyen S.T.,"[{'@_fa': 'true', 'affilname': 'Hanoi University of Industry', 'affiliation-city': 'Hanoi', 'affiliation-country': 'Viet Nam'}]"
Anticancer Activities of Zinc Oxide Nanoparticles Synthesized Using Guava Leaf extract.,Son N.N.,"[{'@_fa': 'true', 'affilname': 'Vietnamese Academy of Science and Technology Institute of Chemistry', 'affiliation-city': 'Hanoi', 'affiliation-country': 'Viet Nam'}]"
Analyzing presence in online learning environments through student narratives: An autoethnographic study,Pham T.X.,"[{'@_fa': 'true', 'affilname': 'HCMC', 'affiliation-city': 'Ho Chi Minh City', 'affiliation-country': 'Viet Nam'}]"
Effects of electric field and device size on the electron velocity in p-i-n GaAs semiconductor,The N.P.,"[{'@_fa': 'true', 'affilname': 'Duy Tan University', 'affiliation-city': 'Da Nang', 'affiliation-country': 'Viet Nam'}]"
Surface modification of nanodiamonds,Angela S.,"[{'@_fa': 'true', 'affilname': 'National Taiwan University of Science and Technology', 'affiliation-city': 'Taipei', 'affiliation-country': 'Taiwan'}]"
Nanodiamonds,Huynh T.T.,"[{'@_fa': 'true', 'affilname': 'Tra Vinh University', 'affiliation-city': 'Tra Vinh', 'affiliation-country': 'Viet Nam'}]"
"Nanodiamond for mass-spectrometry-based analysis of peptides, proteins, and proteomes",Pham D.M.,"[{'@_fa': 'true', 'affilname': 'Vietnam Academy of Science and Technology', 'affiliation-city': 'Hanoi', 'affiliation-country': 'Viet Nam'}]"
Fluorescent nanodiamonds,Hsiao W.W.W.,"[{'@_fa': 'true', 'affilname': 'National Taiwan University of Science and Technology', 'affiliation-city': 'Taipei', 'affiliation-country': 'Taiwan'}]"
Insight the influence of the catalyst basicity on glycolysis behavior of Polyethylene terephthalate (PET),Pham D.D.,"[{'@_fa': 'true', 'affilname': 'Van Lang University', 'affiliation-city': 'Ho Chi Minh City', 'affiliation-country': 'Viet Nam'}]"
Improved Taylor analogy model for predicting droplet breakup and large deformation in planar extensional flow,Thanh Hoang V.,"[{'@_fa': 'true', 'affilname': 'University of Danang', 'affiliation-city': 'Da Nang', 'affiliation-country': 'Viet Nam'}]"
Does foreign direct investment stimulate the output growth of the formal economic sector in Vietnam: a subnational-level analysis,Dao T.B.T.,"[{'@_fa': 'true', 'affilname': 'VNU University of Economics and Business', 'affiliation-city': 'Hanoi', 'affiliation-country': 'Viet Nam'}]"
Controllable Group Choreography using Contrastive Diffusion,Le N.,"[{'@_fa': 'true', 'affilname': 'AIOZ', 'affiliation-city': 'Singapore City', 'affiliation-country': 'Singapore'}]"
Effect of 1-methylcyclopropene treatment on quality of ‘Zebra’ apricot harvested at different maturity stages,Ha T.T.N.,"[{'@_fa': 'true', 'affilname': 'Trường Đại học Công nghiệp thành phố Hồ Chí Minh', 'affiliation-city': 'Ho Chi Minh City', 'affiliation-country': 'Viet Nam'}, {'@_fa': 'true', 'affilname': 'Hungarian University of Agriculture and Life Sciences', 'affiliation-city': 'Godollo', 'affiliation-country': 'Hungary'}]"
A novel approach for determining coconut drink adulteration by means of laser light backscattering imaging,Mac H.X.,"[{'@_fa': 'true', 'affilname': 'Trường Đại học Công nghiệp thành phố Hồ Chí Minh', 'affiliation-city': 'Ho Chi Minh City', 'affiliation-country': 'Viet Nam'}, {'@_fa': 'true', 'affilname': 'Hungarian University of Agriculture and Life Sciences', 'affiliation-city': 'Godollo', 'affiliation-country': 'Hungary'}]"
Evaluating the quality of green asparagus treated with cassava starch-based coating using laser scattering,Pham T.T.,"[{'@_fa': 'true', 'affilname': 'HCMC University of Technology and Education', 'affiliation-city': 'Ho Chi Minh City', 'affiliation-country': 'Viet Nam'}, {'@_fa': 'true', 'affilname': 'Hungarian University of Agriculture and Life Sciences', 'affiliation-city': 'Godollo', 'affiliation-country': 'Hungary'}]"
Bio-guided isolation of alpha-glucosidase inhibitory compounds from Vietnamese Garcinia schomburgkiana fruits: in vitro and in silico studies,Nguyen N.H.,"[{'@_fa': 'true', 'affilname': 'Ho Chi Minh City University of Technology - HUTECH', 'affiliation-city': 'Ho Chi Minh City', 'affiliation-country': 'Viet Nam'}]"
Brand engagement on social media and its impact on brand equity in higher education: integrating the social identity perspective,Perera C.H.,"[{'@_fa': 'true', 'affilname': 'University of Northumbria', 'affiliation-city': 'Newcastle', 'affiliation-country': 'United Kingdom'}]"
Enhancing servitization by international consumer integration: the influence of open innovation and co-creation,Abu Farha A.K.,"[{'@_fa': 'true', 'affilname': 'Qatar University', 'affiliation-city': 'Doha', 'affiliation-country': 'Qatar'}]"
Drivers of wildfire burn severity in the montane rainforests of northern Vietnam,Trang P.T.,"[{'@_fa': 'true', 'affilname': 'Vietnam National University of Forestry', 'affiliation-city': 'Hanoi', 'affiliation-country': 'Viet Nam'}, {'@_fa': 'true', 'affilname': 'Murdoch University', 'affiliation-city': 'Perth', 'affiliation-country': 'Australia'}]"
Fake news detection using knowledge graph and graph convolutional network,Nguyen V.D.K.,"[{'@_fa': 'true', 'affilname': 'Viet Nam National University Ho Chi Minh City', 'affiliation-city': 'Ho Chi Minh City', 'affiliation-country': 'Viet Nam'}]"
Improving sentence representation for vietnamese natural language understanding using optimal transport,Nguyen P.X.V.,"[{'@_fa': 'true', 'affilname': 'Viet Nam National University Ho Chi Minh City', 'affiliation-city': 'Ho Chi Minh City', 'affiliation-country': 'Viet Nam'}]"
An interpretable decision tree ensemble model for imbalanced credit scoring datasets,My B.T.T.,"[{'@_fa': 'true', 'affilname': 'Banking University - Ho Chi Minh City', 'affiliation-city': 'Ho Chi Minh City', 'affiliation-country': 'Viet Nam'}, {'@_fa': 'true', 'affilname': 'University of Economics Ho Chi Minh City', 'affiliation-city': 'Ho Chi Minh City', 'affiliation-country': 'Viet Nam'}]"
Combinative-distance-based assessment approach for the evaluation of artificial intelligence cloud platforms using probabilistic linguistic hesitant fuzzy sets,Minh K.D.,"[{'@_fa': 'true', 'affilname': 'University of Finance - Marketing', 'affiliation-city': 'Ho Chi Minh City', 'affiliation-country': 'Viet Nam'}]"
Effect of light-touch intervention and associated factors to microbial contamination at small-scale pig slaughterhouses and traditional pork shops in Vietnam,Ngo H.H.T.,"[{'@_fa': 'true', 'affilname': 'Hanoi School of Public Health', 'affiliation-city': 'Hanoi', 'affiliation-country': 'Viet Nam'}, {'@_fa': 'true', 'affilname': 'Uppsala Universitet', 'affiliation-city': 'Uppsala', 'affiliation-country': 'Sweden'}, {'@_fa': 'true', 'affilname': 'International Livestock Research Institute', 'affiliation-city': 'Hanoi', 'affiliation-country': 'Viet Nam'}]"
Digital Twin Test-Bench Performance for Marine Diesel Engine Applications,Minchev D.,"[{'@_fa': 'true', 'affilname': 'Odessa National Maritime University', 'affiliation-city': 'Odessa', 'affiliation-country': 'Ukraine'}]"
Therapeutic potential of electron beam and gamma irradiation synthesized selenium nanoparticles for health care,Kiet V.A.,"[{'@_fa': 'true', 'affilname': 'University of Science, Viet Nam National University Ho Chi Minh City', 'affiliation-city': 'Ho Chi Minh City', 'affiliation-country': 'Viet Nam'}]"
Numerical study on aerodynamic characteristics of the grid fins with different grid patterns,Dinh V.S.,"[{'@_fa': 'true', 'affilname': 'Hanoi University of Science and Technology', 'affiliation-city': 'Hanoi', 'affiliation-country': 'Viet Nam'}]"
Lepton universality violation in the minimal flipped 331 model,Thu P.N.,"[{'@_fa': 'true', 'affilname': 'Vietnam Academy of Science and Technology', 'affiliation-city': 'Hanoi', 'affiliation-country': 'Viet Nam'}, {'@_fa': 'true', 'affilname': 'Tay Bac University', 'affiliation-city': 'Son La', 'affiliation-country': 'Viet Nam'}]"
Antioxidant and Antibacterial activity of Lotus tea in Thua Thien Hue province from Vietnam,Quynh T.N.T.,"[{'@_fa': 'true', 'affilname': 'Hue University', 'affiliation-city': 'Hue', 'affiliation-country': 'Viet Nam'}]"
Bitmask Dynamic Programming for User Scheduling in Multi-User MIMO mmWave Systems,Le T.V.,"[{'@_fa': 'true', 'affilname': 'Phenikaa University', 'affiliation-city': 'Hanoi', 'affiliation-country': 'Viet Nam'}]"
Generation Provenances of Lower Miocene Petroleum Classtic Formation in Cuu Long Basin,Nguyen T.,No affiliation
"Genome characterization of Streptomyces sp. strain VNUA74, a potential biocontrol against pathogenic fungus Colletotrichum spp.",Nguyen T.T.,"[{'@_fa': 'true', 'affilname': 'Vietnam National University of Agriculture', 'affiliation-city': 'Hanoi', 'affiliation-country': 'Viet Nam'}]"
Spatial distribution and circadian locomotor activity of invasive armored catfish (Loricariidae) in the freshwater and brackish water,Pavlov E.D.,"[{'@_fa': 'true', 'affilname': 'A.N. Severtsov Institute of Ecology and Evolution Russian Academy of Sciences', 'affiliation-city': 'Moscow', 'affiliation-country': 'Russian Federation'}, {'@_fa': 'true', 'affilname': 'Coastal Branch of Joint Vietnam-Russia Tropical Science and Technology Research Center', 'affiliation-city': 'Nha Trang', 'affiliation-country': 'Viet Nam'}]"
Interpreting dark matter solution for B-L gauge symmetry,Van Dong P.,"[{'@_fa': 'true', 'affilname': 'Phenikaa University', 'affiliation-city': 'Hanoi', 'affiliation-country': 'Viet Nam'}]"
Search for the missing d -wave neutron excitation states in B 13,Xia B.L.,"[{'@_fa': 'true', 'affilname': 'State Key Laboratory of Nuclear Physics and Technology', 'affiliation-city': 'Beijing', 'affiliation-country': 'China'}]"
"Knowledge, attitude, and practice of virtual consultation among outpatients at a teaching hospital in Malaysia",Liew S.C.,"[{'@_fa': 'true', 'affilname': 'VinUniversity', 'affiliation-city': 'Hanoi', 'affiliation-country': 'Viet Nam'}, {'@_fa': 'true', 'affilname': 'Perdana University', 'affiliation-city': 'Kuala Lumpur', 'affiliation-country': 'Malaysia'}, {'@_fa': 'true', 'affilname': 'Universiti Malaya', 'affiliation-city': 'Kuala Lumpur', 'affiliation-country': 'Malaysia'}]"
Synthesis and fluorescent properties of some benzothiazole derivatives synthesized via Suzuki cross coupling reaction,Hien N.,"[{'@_fa': 'true', 'affilname': 'Trường Đại học Sư phạm Hà Nội', 'affiliation-city': 'Hanoi', 'affiliation-country': 'Viet Nam'}]"
"Global google trends for construction demonstrate low search volume index for stress, mental and suicide",McLachlan C.S.,"[{'@_fa': 'true', 'affilname': 'Torrens University Australia', 'affiliation-city': 'Adelaide', 'affiliation-country': 'Australia'}]"
"Comprehensive genome-wide analysis of the chicken heat shock protein family: identification, genomic organization, and expression profiles in indigenous chicken with highly pathogenic avian influenza infection",Truong A.D.,"[{'@_fa': 'true', 'affilname': 'National Institute of Veterinary Research Hanoi', 'affiliation-city': 'Hanoi', 'affiliation-country': 'Viet Nam'}]"
Inflammatory mediators drive neuroinflammation in autism spectrum disorder and cerebral palsy,Than U.T.T.,"[{'@_fa': 'true', 'affilname': 'Vinmec Healthcare System', 'affiliation-city': 'Hanoi', 'affiliation-country': 'Viet Nam'}]"
Targeting of RRM2 suppresses DNA damage response and activates apoptosis in atypical teratoid rhabdoid tumor,Giang L.H.,"[{'@_fa': 'true', 'affilname': 'Haiphong University', 'affiliation-city': 'Haiphong', 'affiliation-country': 'Viet Nam'}, {'@_fa': 'true', 'affilname': 'Taipei Medical University', 'affiliation-city': 'Taipei', 'affiliation-country': 'Taiwan'}]"
Applied Regression Modeling to Recommend Microfinance Development Policies,Huy N.Q.,"[{'@_fa': 'true', 'affilname': 'Lac Hong University', 'affiliation-city': 'Bien Hoa', 'affiliation-country': 'Viet Nam'}]"
"Ceratobasidium sp. is associated with cassava witches’ broom disease, a re-emerging threat to cassava cultivation in Southeast Asia",Leiva A.M.,"[{'@_fa': 'true', 'affilname': 'Centro Internacional de Agricultura Tropical', 'affiliation-city': 'Cali', 'affiliation-country': 'Colombia'}]"
Hydrogen attenuates endothelial glycocalyx damage associated with partial cardiopulmonary bypass in rats,Iwata H.,"[{'@_fa': 'true', 'affilname': 'Hamamatsu University School of Medicine', 'affiliation-city': 'Hamamatsu', 'affiliation-country': 'Japan'}]"
"Correction: Near complete genome sequences from Southern Vietnam revealed local features of genetic diversity and intergenerational changes in SARS- CoV-2 variants in 2020–2021 (BMC Infectious Diseases, (2023), 23, 1, (806), 10.1186/s12879-023-08814-8)",Gladkikh A.S.,"[{'@_fa': 'true', 'affilname': 'Saint-Petersburg Pasteur Institute', 'affiliation-city': 'Saint Petersburg', 'affiliation-country': 'Russian Federation'}]"
"Complete genome sequence of Streptomyces strain VNUA116, a potential biocontrol against phytopathogenic fusarium wilt fungus Fusarium oxysporum f. sp. cubense",Nguyen M.T.T.,"[{'@_fa': 'true', 'affilname': 'National Center for Technological Progress', 'affiliation-city': 'Hanoi', 'affiliation-country': 'Viet Nam'}]"
"Specialized predation on arthropod eggs in the myrmicine ant Calyptomyrmex rectopilosus collected in northern Vietnam, with a description of new species of Calyptomyrmex from Bogor, West Java, Indonesia",Ito F.,"[{'@_fa': 'true', 'affilname': 'Kagawa University', 'affiliation-city': 'Takamatsu', 'affiliation-country': 'Japan'}]"
Using neural networks and remote sensing for spatio-temporal prediction of air pollution during the COVID-19 pandemic,Mokarram M.,"[{'@_fa': 'true', 'affilname': 'Shiraz University', 'affiliation-city': 'Shiraz', 'affiliation-country': 'Iran'}]"
A Bayesian Neural Network-based Obstacle Avoidance Algorithm for an Educational Autonomous Mobile Robot Platform,Hoang A.,"[{'@_fa': 'true', 'affilname': 'Hanoi University of Science and Technology', 'affiliation-city': 'Hanoi', 'affiliation-country': 'Viet Nam'}]"
A Method for the Determination of Balance Coefficient and Elevator Braking Torque in a Tower Parking Car System,Duong T.G.,"[{'@_fa': 'true', 'affilname': 'Hanoi University of Civil Engineering', 'affiliation-city': 'Hanoi', 'affiliation-country': 'Viet Nam'}]"
Developing Secure Messaging Software using Post-Quantum Cryptography,Nguyen T.T.,"[{'@_fa': 'true', 'affilname': 'University of Transport and Communications', 'affiliation-city': 'Hanoi', 'affiliation-country': 'Viet Nam'}]"
Fabrication and characterization of polyvinyl alcohol/TiO<inf>2</inf> membrane immersed in simulated body fluid for biomedical application,Nguyen D.T.M.,"[{'@_fa': 'true', 'affilname': 'Viet Nam National University Ho Chi Minh City', 'affiliation-city': 'Ho Chi Minh City', 'affiliation-country': 'Viet Nam'}, {'@_fa': 'true', 'affilname': 'University of Science, Viet Nam National University Ho Chi Minh City', 'affiliation-city': 'Ho Chi Minh City', 'affiliation-country': 'Viet Nam'}]"
Effect of ionic polarization on the static permittivity of electrolyte aqueous solutions,Thi N.T.,"[{'@_fa': 'true', 'affilname': 'Hanoi University of Industry', 'affiliation-city': 'Hanoi', 'affiliation-country': 'Viet Nam'}]"
Effect of micro-sized luffa cylindrica fibers on the mechanical properties of epoxy epikote 828,Trung D.H.,"[{'@_fa': 'true', 'affilname': 'Hanoi University of Industry', 'affiliation-city': 'Hanoi', 'affiliation-country': 'Viet Nam'}]"
A Study of an Empirical Sequent Depths Equation of the Hydraulic Jump in a Horizontal Trapezoidal Channel,Ngoc N.M.,"[{'@_fa': 'true', 'affilname': 'Hanoi Architectural University', 'affiliation-city': 'Hanoi', 'affiliation-country': 'Viet Nam'}]"
Computing Algorithms in Resonant Regime for a Two-phase Flow Model,Cuong D.H.,"[{'@_fa': 'true', 'affilname': 'Ho Chi Minh City University of Education', 'affiliation-city': 'Ho Chi Minh City', 'affiliation-country': 'Viet Nam'}]"
Comprehensive Characterization and Expression Profiling of the GATA Transcription Factor in Sugar Beet (Beta vulgaris L.) Suggests Their Potential Roles in Taproot Development and Biotic Stress Response,Man L.T.,"[{'@_fa': 'true', 'affilname': 'Hung Vuong University', 'affiliation-city': 'Phu Tho', 'affiliation-country': 'Viet Nam'}]"
"Retraction: Development of the generation of alkyl radicals from N-tosyloxaziridines (Vietnam Journal of Chemistry, 10.1002/vjch.2019600031)",Ngoc N.B.,"[{'@_fa': 'true', 'affilname': 'Le Quy Don Technical University', 'affiliation-city': 'Hanoi', 'affiliation-country': 'Viet Nam'}]"
An In-Depth Investigation of Innovative Electric Traction Power Supply Systems for Mass Rapid Transit,Van D.D.,"[{'@_fa': 'true', 'affilname': 'Ho Chi Minh City University of Transport', 'affiliation-city': 'Ho Chi Minh City', 'affiliation-country': 'Viet Nam'}]"
A Novel Solution Method for the Distribution Network Reconfiguration Problem based on an Objective Function and considering the Cost of Electricity Transmission,Linh N.T.,"[{'@_fa': 'true', 'affilname': 'Electric Power University', 'affiliation-city': 'Hanoi', 'affiliation-country': 'Viet Nam'}]"
Influence of the black seed oil modified epoxy resin/biscycloaliphatic epoxide monomer weight ratio on thermal properties of photocrosslinked coatings,Dung N.T.,"[{'@_fa': 'true', 'affilname': 'Trường Đại học Sư phạm Hà Nội', 'affiliation-city': 'Hanoi', 'affiliation-country': 'Viet Nam'}]"
Constant Current Charging and Transfer Efficiency Improvements for a Dynamic Wireless Charging System,Diep N.T.,"[{'@_fa': 'true', 'affilname': 'Electric Power University', 'affiliation-city': 'Hanoi', 'affiliation-country': 'Viet Nam'}]"
On the Limiting Spectral Distributions of Stochastic Block Models,Chen M.R.,"[{'@_fa': 'true', 'affilname': 'National Sun Yat-Sen University', 'affiliation-city': 'Kaohsiung', 'affiliation-country': 'Taiwan'}]"
"A novel approach for enhancing potential fields: application to aeromagnetic data of the Tuangiao, Vietnam",Pham L.T.,"[{'@_fa': 'true', 'affilname': 'Vietnam National University, Hanoi', 'affiliation-city': 'Hanoi', 'affiliation-country': 'Viet Nam'}]"
Evolution of the Araliaceae family involved rapid diversification of the Asian Palmate group and Hydrocotyle specific mutational pressure,Kang J.S.,"[{'@_fa': 'true', 'affilname': 'Department of Forest Sciences', 'affiliation-city': 'Seoul', 'affiliation-country': 'South Korea'}]"
Geometric morphometrics and paleoproteomics enlighten the paleodiversity of Pongo,Kubat J.,"[{'@_fa': 'true', 'affilname': 'Université Paris Cité', 'affiliation-city': 'Paris', 'affiliation-country': 'France'}, {'@_fa': 'true', 'affilname': 'Senckenberg Forschungsinstitut und Naturmuseum', 'affiliation-city': 'Frankfurt am Main', 'affiliation-country': 'Germany'}]"
A conformal multi-port MIMO patch antenna for 5G wireless devices,Chu-Anh T.,"[{'@_fa': 'true', 'affilname': 'Phenikaa University', 'affiliation-city': 'Hanoi', 'affiliation-country': 'Viet Nam'}]"
Smoothed particle hydrodynamics simulations of microstructure induced stress overshoot in structured fluids,Le-Cao K.,"[{'@_fa': 'true', 'affilname': 'National University of Singapore', 'affiliation-city': 'Singapore City', 'affiliation-country': 'Singapore'}]"
Plain language summary of the HIMALAYA study: tremelimumab and durvalumab for unresectable hepatocellular carcinoma (liver cancer),Abou-Alfa G.K.,"[{'@_fa': 'true', 'affilname': 'Memorial Sloan-Kettering Cancer Center', 'affiliation-city': 'New York', 'affiliation-country': 'United States'}, {'@_fa': 'true', 'affilname': 'Weill Cornell Medicine', 'affiliation-city': 'New York', 'affiliation-country': 'United States'}]"
Fe<inf>2</inf>O<inf>3</inf>/C nanomaterials synthesized by microwave for energy storage applications,Hang B.T.,"[{'@_fa': 'true', 'affilname': 'International Training Institute for Materials Science', 'affiliation-city': 'Hanoi', 'affiliation-country': 'Viet Nam'}]"
Two new algorithms to solve the system of generalized mixed equilibrium and fixed point problems in Banach spaces,Nguyen S.H.,"[{'@_fa': 'true', 'affilname': 'Thai Nguyen University of Sciences', 'affiliation-city': 'Thai Nguyen', 'affiliation-country': 'Viet Nam'}]"
Market return spillover from the US to the Asia-Pacific Countries: The Role of Geopolitical Risk and the Information &amp; Communication Technologies,Tran M.P.B.,"[{'@_fa': 'true', 'affilname': 'Đại học Mở Thành phố Hồ Chí Minh', 'affiliation-city': 'Ho Chi Minh City', 'affiliation-country': 'Viet Nam'}]"
The role of social capital in shaping livelihood for rural Vietnamese households,Chuong H.N.,"[{'@_fa': 'true', 'affilname': 'University of Economics Ho Chi Minh City', 'affiliation-city': 'Ho Chi Minh City', 'affiliation-country': 'Viet Nam'}]"
"The value of neutrophil-to-lymphocyte ratio, platelet-to-lymphocyte ratio, red cell distribution width, and their combination in predicting acute pancreatitis severity",Vo H.H.,"[{'@_fa': 'true', 'affilname': 'Binh Dan Hospital', 'affiliation-city': 'Ho Chi Minh City', 'affiliation-country': 'Viet Nam'}]"
DID COVID-19 CHALLENGE THE VOLATILITY OF THE SUSTAINABLE STOCK MARKET? AN EXAMINATION OF ASIAN MARKET,Nur Aji Cokro Darsono S.,"[{'@_fa': 'true', 'affilname': 'Universitas Muhammadiyah Yogyakarta', 'affiliation-city': 'Yogyakarta', 'affiliation-country': 'Indonesia'}]"
"Zinc oxide nanoparticles as an efficient antioxidant, photocatalyst, and heterogeneous catalyst in C–P bond synthesis",Babu Boppudi H.,No affiliation
"Chemical Composition and Biological Activities of Essential Oil from Plectranthus amboinicus Collected in Dak Lak, Vietnam",Hanh D.T.B.,"[{'@_fa': 'true', 'affilname': 'Tay Nguyen University', 'affiliation-city': 'Buon Ma Thuot', 'affiliation-country': 'Viet Nam'}]"
Applying Structural Equation Modeling for Accessing Mobile Banking Service Quality and Customer Satisfaction: A Case Study in Vietnam,Huy N.Q.,"[{'@_fa': 'true', 'affilname': 'Lac Hong University', 'affiliation-city': 'Bien Hoa', 'affiliation-country': 'Viet Nam'}]"
Enhancement of Mammographic Images Based on Wavelet Denoise and Morphological Contrast Enhancement,Van T.L.,"[{'@_fa': 'true', 'affilname': 'University of Science, Viet Nam National University Ho Chi Minh City', 'affiliation-city': 'Ho Chi Minh City', 'affiliation-country': 'Viet Nam'}]"
"Performance measures of 8,169,869 examinations in the National Breast Cancer Screening Program in Taiwan, 2004–2020",Yao M.M.S.,"[{'@_fa': 'true', 'affilname': 'Koo Foundation Sun Yat-Sen Cancer Center Taiwan', 'affiliation-city': 'Taipei', 'affiliation-country': 'Taiwan'}]"
HERDING DURING COVID-19 PANDEMIC: AN EMPIRICAL STUDY IN VIETNAMESE STOCK MARKET,Dam V.D.H.,"[{'@_fa': 'true', 'affilname': 'Mercantile Exchange of Vietnam', 'affiliation-city': 'Hanoi', 'affiliation-country': 'Viet Nam'}]"
What are the impacts of activities undertaken in UNESCO biosphere reserves on socio-economic wellbeing in Southeast Asia? A systematic review,Thao N.P.,"[{'@_fa': 'true', 'affilname': 'Trường Đại học Sư phạm Hà Nội', 'affiliation-city': 'Hanoi', 'affiliation-country': 'Viet Nam'}]"
"Chemical Constituents, Cytotoxicity, and Molecular Docking Studies of Tetragonula iridipennis Propolis",Phuong D.T.L.,"[{'@_fa': 'true', 'affilname': 'Quy Nhon University', 'affiliation-city': 'Binh Dinh', 'affiliation-country': 'Viet Nam'}]"
Impact of barren plateaus countermeasures on the quantum neural network capacity to learn,Cybulski J.L.,"[{'@_fa': 'true', 'affilname': 'Deakin University', 'affiliation-city': 'Geelong', 'affiliation-country': 'Australia'}]"
"Optimizing time, cost, and carbon in construction: grasshopper algorithm empowered with tournament selection and opposition-based learning",Pham V.H.S.,"[{'@_fa': 'true', 'affilname': 'Ho Chi Minh City University of Technology - HCMUT', 'affiliation-city': 'Ho Chi Minh City', 'affiliation-country': 'Viet Nam'}]"
"Vaccine acceptance, determinants, and attitudes toward vaccine among people experiencing homelessness: a systematic review and meta-analysis",Nguyen D.A.,"[{'@_fa': 'true', 'affilname': 'Online Research Club', 'affiliation-city': 'Nagasaki', 'affiliation-country': 'Japan'}, {'@_fa': 'true', 'affilname': 'University of the People', 'affiliation-city': 'Pasadena', 'affiliation-country': 'United States'}]"
Generation and Evaluation of Gold-binding Peptide Fused Protein A,Doan-Tran T.D.,"[{'@_fa': 'true', 'affilname': 'Viet Nam National University Ho Chi Minh City', 'affiliation-city': 'Ho Chi Minh City', 'affiliation-country': 'Viet Nam'}, {'@_fa': 'true', 'affilname': 'University of Science, Viet Nam National University Ho Chi Minh City', 'affiliation-city': 'Ho Chi Minh City', 'affiliation-country': 'Viet Nam'}]"
Chemical Profile and Biological Activities of The Essential Oil of Cinnamon (Cinnamomum cassia (L.) J. Presl) Twigs and Leaves,Quyen P.T.,"[{'@_fa': 'true', 'affilname': 'Trường Đại học Công nghiệp thành phố Hồ Chí Minh', 'affiliation-city': 'Ho Chi Minh City', 'affiliation-country': 'Viet Nam'}]"
The Helicobacter pylori Genome Project: insights into H. pylori population structure from analysis of a worldwide collection of complete genomes,Thorell K.,"[{'@_fa': 'true', 'affilname': 'Göteborgs Universitet', 'affiliation-city': 'Gothenburg', 'affiliation-country': 'Sweden'}]"
Tropical Data: Approach and Methodology as Applied to Trachoma Prevalence Surveys,Harding-Esch E.M.,"[{'@_fa': 'true', 'affilname': 'London School of Hygiene &amp; Tropical Medicine', 'affiliation-city': 'London', 'affiliation-country': 'United Kingdom'}]"
Deep learning-based phenotyping reclassifies combined hepatocellular-cholangiocarcinoma,Calderaro J.,"[{'@_fa': 'true', 'affilname': 'Institut Mondor de Recherche Biomédicale', 'affiliation-city': 'Creteil', 'affiliation-country': 'France'}, {'@_fa': 'true', 'affilname': 'Université Paris-Est Créteil Val de Marne', 'affiliation-city': 'Creteil', 'affiliation-country': 'France'}, {'@_fa': 'true', 'affilname': 'Hôpital Henri Mondor', 'affiliation-city': 'Creteil', 'affiliation-country': 'France'}, {'@_fa': 'true', 'affilname': 'European Reference Network (ERN) RARE-LIVER', 'affiliation-city': 'Creteil', 'affiliation-country': 'France'}]"
Laparoscopic retroperitoneal heminephrectomy for renal cell carcinoma in horseshoe kidney: a case report and review of the literature,Ngo X.T.,"[{'@_fa': 'true', 'affilname': 'University of Medicine and Pharmacy at HCMC', 'affiliation-city': 'Ho Chi Minh City', 'affiliation-country': 'Viet Nam'}, {'@_fa': 'true', 'affilname': 'Cho Ray Hospital', 'affiliation-city': 'Ho Chi Minh City', 'affiliation-country': 'Viet Nam'}]"
Factors associated with intention to breastfeed in Vietnamese mothers: A crosssectional study,Thuy Doan D.T.,"[{'@_fa': 'true', 'affilname': 'The Faculty of Health Sciences', 'affiliation-city': 'Perth', 'affiliation-country': 'Australia'}, {'@_fa': 'true', 'affilname': 'Hanoi School of Public Health', 'affiliation-city': 'Hanoi', 'affiliation-country': 'Viet Nam'}]"
Anchor conditions for estimated unsaturated shear strength functions,Tran T.P.A.,"[{'@_fa': 'true', 'affilname': 'University of Sciences, Hue University', 'affiliation-city': 'Hue', 'affiliation-country': 'Viet Nam'}]"
Thermal performance enhancement in a double tube heat exchanger using combination of bubble injection and helical coiled wire insert,Wang N.,"[{'@_fa': 'true', 'affilname': 'Xijing University', 'affiliation-city': ""Xi'an"", 'affiliation-country': 'China'}]"
Evaluation of phenolics and bioactivities of Camellia quephongensis leaf extracts as affected by various extraction solvents,Nguyen T.H.D.,"[{'@_fa': 'true', 'affilname': 'Trường Đại học Công nghiệp thành phố Hồ Chí Minh', 'affiliation-city': 'Ho Chi Minh City', 'affiliation-country': 'Viet Nam'}]"
β -delayed neutron emissions from N&gt;50 gallium isotopes,Yokoyama R.,"[{'@_fa': 'true', 'affilname': 'The University of Tokyo', 'affiliation-city': 'Tokyo', 'affiliation-country': 'Japan'}, {'@_fa': 'true', 'affilname': 'The University of Tennessee, Knoxville', 'affiliation-city': 'Knoxville', 'affiliation-country': 'United States'}]"
Flexural performance of 3D printed concrete structure with lattice infills,Dey D.,"[{'@_fa': 'true', 'affilname': 'Indian Institute of Technology Guwahati', 'affiliation-city': 'Guwahati', 'affiliation-country': 'India'}]"
"Reproductive biology of the introduced red-swamp crayfish Procambarus clarkii (Girard, 1852) (Decapoda: Astacidea: Cambaridae) in western Japan",Luong Q.T.,"[{'@_fa': 'true', 'affilname': 'Dại học Nguyen Tat Thanh', 'affiliation-city': 'Ho Chi Minh City', 'affiliation-country': 'Viet Nam'}, {'@_fa': 'true', 'affilname': 'Okayama University', 'affiliation-city': 'Okayama', 'affiliation-country': 'Japan'}]"
"Assessment of Water Quality During 2018-2022 in the Vam Co River Basin, Vietnam",Phong N.T.,"[{'@_fa': 'true', 'affilname': 'Van Lang University', 'affiliation-city': 'Ho Chi Minh City', 'affiliation-country': 'Viet Nam'}]"
Barriers to sustainable innovation adoption: A qualitative investigation of metal additive printing from supply and demand perspectives,Chatterjee P.,"[{'@_fa': 'true', 'affilname': 'Charles Darwin University', 'affiliation-city': 'Darwin', 'affiliation-country': 'Australia'}]"
Experimental evaluation of a vertical heat bridge insulation system for the structural performance of multi-residential buildings,Cuong N.H.,"[{'@_fa': 'true', 'affilname': 'Vinh University', 'affiliation-city': 'Vinh', 'affiliation-country': 'Viet Nam'}, {'@_fa': 'true', 'affilname': 'Sejong University', 'affiliation-city': 'Seoul', 'affiliation-country': 'South Korea'}]"
Carabrachiatanins A and B: Two New Phenylpropanoid-Substituted Catechins of Carallia brachiata Merr,Thanh Van T.T.,"[{'@_fa': 'true', 'affilname': 'Vietnam Academy of Science and Technology', 'affiliation-city': 'Hanoi', 'affiliation-country': 'Viet Nam'}]"
Random Walks-Based Node Centralities to Attack Complex Networks,Turchetto M.,"[{'@_fa': 'true', 'affilname': 'Istituto Nazionale di Fisica Nucleare - INFN', 'affiliation-city': 'Rome', 'affiliation-country': 'Italy'}, {'@_fa': 'true', 'affilname': 'Università di Parma', 'affiliation-city': 'Parma', 'affiliation-country': 'Italy'}]"
Overpromoted and underregulated: National binding legal measures related to commercially produced complementary foods in seven Southeast Asian countries are not fully aligned with available guidance,Blankenship J.,"[{'@_fa': 'true', 'affilname': 'UNICEF', 'affiliation-city': 'New York', 'affiliation-country': 'United States'}]"
The In Vivo Anti-Inflammatory Effects of Qt-2 (A Traditional Medicine Remedy) Water Extract,Vo T.T.,"[{'@_fa': 'true', 'affilname': 'University of Medicine and Pharmacy at HCMC', 'affiliation-city': 'Ho Chi Minh City', 'affiliation-country': 'Viet Nam'}]"
Predictive Significance of the ABC Score for Early Re-Hemorrhage and In-Hospital Mortality in High-Risk Variceal Bleeding among Cirrhotic Patients,Ky T.D.,"[{'@_fa': 'true', 'affilname': '108 Military Central Hospital', 'affiliation-city': 'Hanoi', 'affiliation-country': 'Viet Nam'}]"
LLMs Performance on Vietnamese High School Biology Examination,Dao X.Q.,"[{'@_fa': 'true', 'affilname': 'Eastern International University', 'affiliation-city': 'Thu Dau Mot', 'affiliation-country': 'Viet Nam'}]"
EXPLORING THE RELATIONSHIP BETWEEN WILLINGNESS TO PARTICIPATE IN INSURANCE AND BANK LOAN APPROVAL FOR COFFEE FARMERS IN DAK LAK PROVINCE: A BAYESIAN MODEL AVERAGING APPROACH,Thang L.D.,"[{'@_fa': 'true', 'affilname': 'FPT University', 'affiliation-city': 'Hanoi', 'affiliation-country': 'Viet Nam'}]"
Degradation of Thiamethoxam by Mixed Culture of Phanerochaete sp. Th1 and Ensifer sp. Th2,Oanh N.T.,"[{'@_fa': 'true', 'affilname': 'Dong Thap University', 'affiliation-city': 'Cao Lanh City', 'affiliation-country': 'Viet Nam'}]"
Optimizing daylight in west-facing facades for LEED V4.1 compliance using metaheuristic approach,Son P.V.H.,"[{'@_fa': 'true', 'affilname': 'Ho Chi Minh City University of Technology - HCMUT', 'affiliation-city': 'Ho Chi Minh City', 'affiliation-country': 'Viet Nam'}]"
Female Directors and Investment Efficiency: New Evidence from an Emerging Market,Dao T.H.,"[{'@_fa': 'true', 'affilname': 'Thuyloi University', 'affiliation-city': 'Hanoi', 'affiliation-country': 'Viet Nam'}]"
A COMPARISON OF CAPM AND FAMA-FRENCH THREE-FACTOR MODEL UNDER MACHINE LEARNING APPROACHING,Khoa B.T.,"[{'@_fa': 'true', 'affilname': 'Trường Đại học Công nghiệp thành phố Hồ Chí Minh', 'affiliation-city': 'Ho Chi Minh City', 'affiliation-country': 'Viet Nam'}]"
Temperature-Controlled Laser Cutting of an Electrical Steel Sheet Using a Novel Fuzzy Logic Controller,Nguyen D.T.,"[{'@_fa': 'true', 'affilname': 'Can Tho University', 'affiliation-city': 'Can Tho', 'affiliation-country': 'Viet Nam'}]"
"Interactions between climate change, urban infrastructure and mobility are driving dengue emergence in Vietnam",Gibb R.,"[{'@_fa': 'true', 'affilname': 'London School of Hygiene &amp; Tropical Medicine', 'affiliation-city': 'London', 'affiliation-country': 'United Kingdom'}, {'@_fa': 'true', 'affilname': 'University College London', 'affiliation-city': 'London', 'affiliation-country': 'United Kingdom'}]"
Effect of Copper-Modification of g-C<inf>3</inf>N<inf>4</inf> on the Visible-Light-Driven Photocatalytic Oxidation of Nitrophenols,Nguyen Xuan T.,"[{'@_fa': 'true', 'affilname': 'Hanoi University of Science and Technology', 'affiliation-city': 'Hanoi', 'affiliation-country': 'Viet Nam'}]"
"KTt-45, a T-type calcium channel blocker, acts as an anticancer agent by inducing apoptosis on HeLa cervical cancer cell line",Du N.H.,"[{'@_fa': 'true', 'affilname': 'Viet Nam National University Ho Chi Minh City', 'affiliation-city': 'Ho Chi Minh City', 'affiliation-country': 'Viet Nam'}, {'@_fa': 'true', 'affilname': 'University of Science, Viet Nam National University Ho Chi Minh City', 'affiliation-city': 'Ho Chi Minh City', 'affiliation-country': 'Viet Nam'}]"
First foods in a packaged world: Results from the COMMIT consortium to protect young child diets in Southeast Asia,Blankenship J.L.,"[{'@_fa': 'true', 'affilname': 'UNICEF', 'affiliation-city': 'New York', 'affiliation-country': 'United States'}]"
The Impact of Management Control Systems on Performance: Evidence from Vietnamese Enterprises,Dao H.M.,"[{'@_fa': 'true', 'affilname': 'University of Labour and Social Affairs', 'affiliation-city': 'Hanoi', 'affiliation-country': 'Viet Nam'}]"
Design of a high gain antenna array for intelligent transportation system application,Hung Pham V.,"[{'@_fa': 'true', 'affilname': 'Hanoi University of Science and Technology', 'affiliation-city': 'Hanoi', 'affiliation-country': 'Viet Nam'}]"
"Characterization of Vasoreactivity in a Semi-Arboreal Snake, the Tokara Habu (Protobothrops tokarensis)",Ootawa T.,"[{'@_fa': 'true', 'affilname': 'Kagoshima University', 'affiliation-city': 'Kagoshima', 'affiliation-country': 'Japan'}, {'@_fa': 'true', 'affilname': 'Japan Wildlife Research Center', 'affiliation-city': 'Tokyo', 'affiliation-country': 'Japan'}]"
Identifying influential factors in computational thinking research via game-based learning: a comprehensive content analysis,Chen L.H.,"[{'@_fa': 'true', 'affilname': 'Chaoyang University of Technology', 'affiliation-city': 'Taichung', 'affiliation-country': 'Taiwan'}]"
"A 3D Numerical Study on the Tidal Asymmetry, Residual Circulation and Saline Intrusion in the Gironde Estuary (France)",Pham Van Bang D.,"[{'@_fa': 'true', 'affilname': 'Institut National de la Recherche Scientifique', 'affiliation-city': 'Quebec', 'affiliation-country': 'Canada'}, {'@_fa': 'true', 'affilname': 'École de Technologie Supérieure', 'affiliation-city': 'Montreal', 'affiliation-country': 'Canada'}]"
Artificial neural network for modelling the sediments accumulation in Es-Saada reservoir (North-Western Algeria),Adda M.S.,"[{'@_fa': 'true', 'affilname': 'Université Ahmed Zabana de Relizane', 'affiliation-city': 'Relizane', 'affiliation-country': 'Algeria'}, {'@_fa': 'true', 'affilname': 'Université des Sciences et de la Technologie d’Oran Mohamed-Boudiaf', 'affiliation-city': 'Oran', 'affiliation-country': 'Algeria'}]"
"Facile synthesis and effect of thermal treatment on MoO<inf>3−x</inf>@MoS<inf>2</inf> (x = 0, 1) bilayer nanostructure: toward photoelectrochemical applications",Nguyen T.T.,"[{'@_fa': 'true', 'affilname': 'Vietnamese Academy of Science and Technology Institute of Materials Science', 'affiliation-city': 'Hanoi', 'affiliation-country': 'Viet Nam'}]"
Enhancing/Improving Forming Limit Curve and Fracture Height Predictions in the Single-Point Incremental Forming of Al1050 Sheet Material,Hoang T.K.,"[{'@_fa': 'true', 'affilname': 'Thai Nguyen University of Technology', 'affiliation-city': 'Thai Nguyen', 'affiliation-country': 'Viet Nam'}]"
"Evaluation of Hard and Soft Tissue Responses to Four Different Generation Bioresorbable Materials-Poly-l-Lactic Acid (PLLA), Poly-l-Lactic Acid/Polyglycolic Acid (PLLA/PGA), Uncalcined/Unsintered Hydroxyapatite/Poly-l-Lactic Acid (u-HA/PLLA) and Uncalcined/Unsintered Hydroxyapatite/Poly-l-Lactic Acid/Polyglycolic Acid (u-HA/PLLA/PGA) in Maxillofacial Surgery: An In-Vivo Animal Study",Ayasaka K.,"[{'@_fa': 'true', 'affilname': 'Shimane University Faculty of Medicine', 'affiliation-city': 'Izumo', 'affiliation-country': 'Japan'}]"
Studying the impacts of deep uncertainties on water resources system in Ba River Basin through the combined use of a climate stress-test and land use change,Tra T.V.,"[{'@_fa': 'true', 'affilname': 'Water Resources Institute', 'affiliation-city': None, 'affiliation-country': 'Viet Nam'}]"
The effects of Glycyrrhiza Glabra extract in high-fat diet-induced obese male mice: A controlled experimental study,Nguyen T.H.,"[{'@_fa': 'true', 'affilname': 'Can Tho University of Medicine and Pharmacy', 'affiliation-city': 'Can Tho', 'affiliation-country': 'Viet Nam'}]"
Streamlining apartment provider evaluation: A spherical fuzzy multi-criteria decision-making model,Nguyen P.H.,"[{'@_fa': 'true', 'affilname': 'FPT University', 'affiliation-city': 'Hanoi', 'affiliation-country': 'Viet Nam'}]"
"Urban development induced subsidence in deltaic environments: A case study in Hanoi, Vietnam",Bateson L.,"[{'@_fa': 'true', 'affilname': 'British Geological Survey', 'affiliation-city': 'Nottingham', 'affiliation-country': 'United Kingdom'}]"
MetaCluster: An open-source Python library for metaheuristic-based clustering problems,Van Thieu N.,"[{'@_fa': 'true', 'affilname': 'Phenikaa University', 'affiliation-city': 'Hanoi', 'affiliation-country': 'Viet Nam'}]"
"Co-encapsulated astaxanthin and kaempferol nanoparticles: fabrication, characterization, and their potential synergistic effects on treating non-alcoholic fatty liver disease",Oanh H.T.,"[{'@_fa': 'true', 'affilname': 'Vietnamese Academy of Science and Technology Institute of Chemistry', 'affiliation-city': 'Hanoi', 'affiliation-country': 'Viet Nam'}]"
Exploring Frailty in the Intersection of Cardiovascular Disease and Cancer in Older People,Amsalu E.,"[{'@_fa': 'true', 'affilname': 'The University of Sydney School of Medicine', 'affiliation-city': 'Sydney', 'affiliation-country': 'Australia'}]"
Earlobe Crease in Patients with Coronary Artery Disease at Hue Central Hospital,Doan C.T.,"[{'@_fa': 'true', 'affilname': 'Hue Central Hospital', 'affiliation-city': 'Hue', 'affiliation-country': 'Viet Nam'}]"
Aerodynamic drag of axisymmetric models with different boattail angles under subsonic and supersonic flow conditions,Tran T.H.,"[{'@_fa': 'true', 'affilname': 'Le Quy Don Technical University', 'affiliation-city': 'Hanoi', 'affiliation-country': 'Viet Nam'}]"
A novel Q-learning-based routing scheme using an intelligent filtering algorithm for flying ad hoc networks (FANETs),Hosseinzadeh M.,"[{'@_fa': 'true', 'affilname': 'Duy Tan University', 'affiliation-city': 'Da Nang', 'affiliation-country': 'Viet Nam'}]"
Using Random Forest Algorithm to Grading Mango’s Quality Based on External Features Extracted from Captured Images,Trieu N.M.,"[{'@_fa': 'true', 'affilname': 'University of Economics Ho Chi Minh City', 'affiliation-city': 'Ho Chi Minh City', 'affiliation-country': 'Viet Nam'}]"
A New Inertial Self-adaptive Gradient Algorithm for the Split Feasibility Problem and an Application to the Sparse Recovery Problem,Vinh N.T.,"[{'@_fa': 'true', 'affilname': 'University of Transport and Communications', 'affiliation-city': 'Hanoi', 'affiliation-country': 'Viet Nam'}]"
"Comorbidities of diabetes and hypertension in Vietnam: current burden, trends over time, and correlated factors",Vu T.H.L.,"[{'@_fa': 'true', 'affilname': 'Hanoi School of Public Health', 'affiliation-city': 'Hanoi', 'affiliation-country': 'Viet Nam'}]"
RISK FACTORS FOR DEATH OF BURN PATIENTS WITH ACUTE RESPIRATORY DISTRESS SYNDROME,Hung T.D.,"[{'@_fa': 'true', 'affilname': 'Vietnam Military Medical University', 'affiliation-city': 'Hanoi', 'affiliation-country': 'Viet Nam'}]"
STRUGGLE FOR. Italian-Polish-Spanish-Uzbek--Vietnamese Expert Forum Position Paper 2023 for better control of classical modifiable risk factors in clinical practice,Filipiak K.J.,"[{'@_fa': 'true', 'affilname': 'Poznan University of Medical Sciences', 'affiliation-city': 'Poznan', 'affiliation-country': 'Poland'}, {'@_fa': 'true', 'affilname': 'Medical University of Warsaw', 'affiliation-city': 'Warsaw', 'affiliation-country': 'Poland'}]"
Working Performance Improvement of a Novel Independent Metering Valve System by Using a Neural Network-Fractional Order-Proportional-Integral-Derivative Controller,Nguyen T.H.,"[{'@_fa': 'true', 'affilname': 'University of Ulsan', 'affiliation-city': 'Ulsan', 'affiliation-country': 'South Korea'}]"
"Health first, convenience second: Caregiver perspectives of commercially produced complementary foods in five Southeast Asian capital cities",Walls H.,"[{'@_fa': 'true', 'affilname': 'Helen Keller International', 'affiliation-city': 'New York', 'affiliation-country': 'United States'}, {'@_fa': 'true', 'affilname': 'London School of Hygiene &amp; Tropical Medicine', 'affiliation-city': 'London', 'affiliation-country': 'United Kingdom'}]"
"Prevalence of internet addiction and anxiety, and factors associated with the high level of anxiety among adolescents in Hanoi, Vietnam during the COVID-19 pandemic",Dien T.M.,"[{'@_fa': 'true', 'affilname': ""Vietnam National Children's Hospital"", 'affiliation-city': 'Hanoi', 'affiliation-country': 'Viet Nam'}]"
Early outcomes of total hip arthroplasty using point-of-care manufactured patient-specific instruments: a single university hospital’s initial experience,Trung H.P.,"[{'@_fa': 'true', 'affilname': 'VinUniversity', 'affiliation-city': 'Hanoi', 'affiliation-country': 'Viet Nam'}, {'@_fa': 'true', 'affilname': 'Hanoi Medical University', 'affiliation-city': 'Hanoi', 'affiliation-country': 'Viet Nam'}, {'@_fa': 'true', 'affilname': 'Vinmec Healthcare System', 'affiliation-city': 'Hanoi', 'affiliation-country': 'Viet Nam'}]"
Assessing Awareness of Colorectal Cancer Symptoms among Outpatients: A Cross-Sectional Study at a Hospital in Vietnam,Nguyen C.K.,"[{'@_fa': 'true', 'affilname': 'Hoa Hao Medic Company Ltd', 'affiliation-city': 'Ho Chi Minh City', 'affiliation-country': 'Viet Nam'}]"
Spatiotemporal Pyramidal CNN with Depth-Wise Separable Convolution for Eye Blinking Detection in the Wild,Anh N.T.L.,"[{'@_fa': 'true', 'affilname': 'Hanoi University of Science and Technology', 'affiliation-city': 'Hanoi', 'affiliation-country': 'Viet Nam'}]"
User Walking Speed and Standing Posture Influence Head/Neck Flexion and Viewing Behavior While Using a Smartphone,Chen Y.L.,"[{'@_fa': 'true', 'affilname': 'Ming Chi University of Technology', 'affiliation-city': 'Taipei', 'affiliation-country': 'Taiwan'}]"
Development of a novel power and freshwater cogeneration plant driven by hybrid geothermal and biomass energy,Bai H.,"[{'@_fa': 'true', 'affilname': 'Health School Yunnan Yuxi', 'affiliation-city': 'Yuxi', 'affiliation-country': 'China'}]"
Designing secure PUF-based authentication protocols for constrained environments,Lee S.W.,"[{'@_fa': 'true', 'affilname': 'Gachon University', 'affiliation-city': 'Seongnam', 'affiliation-country': 'South Korea'}]"
Enhanced catalytic activity of WO<inf>3</inf>–Au nanotubes: mechanism and environmental remediation potential,Anh Thu Do T.,"[{'@_fa': 'true', 'affilname': 'Vietnamese Academy of Science and Technology Institute of Materials Science', 'affiliation-city': 'Hanoi', 'affiliation-country': 'Viet Nam'}]"
Early-onset gout and rare deficient variants of the lactate dehydrogenase D gene,Bardin T.,"[{'@_fa': 'true', 'affilname': 'Université Paris Cité', 'affiliation-city': 'Paris', 'affiliation-country': 'France'}, {'@_fa': 'true', 'affilname': 'Vien Gut Medical Center and French-Vietnamese Research Center on Gout and Chronic Diseases', 'affiliation-city': 'Ho Chi Minh City', 'affiliation-country': 'Viet Nam'}]"
"Financial toxicity among cancer patients, survivors and their families in the United Kingdom: A scoping review",Ngan T.T.,"[{'@_fa': 'true', 'affilname': ""Queen's University Belfast"", 'affiliation-city': 'Belfast', 'affiliation-country': 'United Kingdom'}]"
Enhancing photocatalytic visible-light-driven oxidation of NO<inf>x</inf> over Mott-Schottky Ag/SnO<inf>2</inf> nanorod heterojunctions,Pham V.V.,"[{'@_fa': 'true', 'affilname': 'Ho Chi Minh City University of Technology - HUTECH', 'affiliation-city': 'Ho Chi Minh City', 'affiliation-country': 'Viet Nam'}]"
The Effects of a Mindfulness-Based Intervention on Mental Health Outcomes in Pregnant Woman: A Systematic Review and Meta-Analysis,Sari Y.P.,"[{'@_fa': 'true', 'affilname': 'Universitas Andalas', 'affiliation-city': 'Padang', 'affiliation-country': 'Indonesia'}, {'@_fa': 'true', 'affilname': 'National Cheng Kung University College of Medicine', 'affiliation-city': 'Tainan', 'affiliation-country': 'Taiwan'}]"
"Examining multiple funding flows to public healthcare providers in low-and middle-income countries-results from case studies in Burkina Faso, Kenya, Morocco, Nigeria, Tunisia and Vietnam",Dkhimi F.,"[{'@_fa': 'true', 'affilname': 'Organisation Mondiale de la Santé', 'affiliation-city': 'Geneva', 'affiliation-country': 'Switzerland'}]"
Neuroanatomical and neuropsychological correlates of shopping addiction behaviour. A systematic review,Martín-Ríos R.,"[{'@_fa': 'true', 'affilname': 'Universidad Isabel I', 'affiliation-city': 'Burgos', 'affiliation-country': 'Spain'}]"
Four New Pentacyclic Triterpene Glycosides Isolated from the Fruits of Cryptolepis buchananii R.Br. ex Roem. &amp; Schult and Their Inhibition of NO Production in LPS-activated RAW264.7 Cells,Duc Duy N.,"[{'@_fa': 'true', 'affilname': 'Vietnam Academy of Science and Technology', 'affiliation-city': 'Hanoi', 'affiliation-country': 'Viet Nam'}]"
Insights into durability assessment for compacted soils treated with paper sludge ash-based stabilizers,Tabassum N.,"[{'@_fa': 'true', 'affilname': 'Yokohama National University', 'affiliation-city': 'Yokohama', 'affiliation-country': 'Japan'}]"
Evaluation of land roughness and weather effects on paddy field using cameras mounted on drone: A comprehensive analysis from early to mid-growth stages,Hieu Luu T.,"[{'@_fa': 'true', 'affilname': 'Can Tho University', 'affiliation-city': 'Can Tho', 'affiliation-country': 'Viet Nam'}]"
How International School Administrators Build Trust,Williams R.P.,"[{'@_fa': 'true', 'affilname': 'Cognita Schools Group', 'affiliation-city': 'Ho Chi Minh City', 'affiliation-country': 'Viet Nam'}]"
Does gender and education of the households’ heads matter for wealth accumulation in Vietnam? Evidence from a recent decade,Vo D.H.,"[{'@_fa': 'true', 'affilname': 'Đại học Mở Thành phố Hồ Chí Minh', 'affiliation-city': 'Ho Chi Minh City', 'affiliation-country': 'Viet Nam'}]"
Measuring health equity in the ASEAN region: conceptual framework and assessment of data availability,Barcellona C.,"[{'@_fa': 'true', 'affilname': 'National University of Singapore', 'affiliation-city': 'Singapore City', 'affiliation-country': 'Singapore'}]"
"Anthocyanin isolation from Hibiscus sabdariffa L. flowers by extraction, macroporous D101 resin purification, and biological evaluation",Hoang T.N.N.,"[{'@_fa': 'true', 'affilname': 'Ho Chi Minh City University of Food Industry', 'affiliation-city': 'Ho Chi Minh City', 'affiliation-country': 'Viet Nam'}]"
Standards for clinical trials for treating TB,du Cros P.,"[{'@_fa': 'true', 'affilname': 'Monash Health', 'affiliation-city': 'Clayton', 'affiliation-country': 'Australia'}, {'@_fa': 'true', 'affilname': 'Burnet Institute', 'affiliation-city': 'Melbourne', 'affiliation-country': 'Australia'}]"
"How social capital affects innovation, marketing and entrepreneurial orientation: the case of SMEs in Ho Chi Minh (Vietnam)",Vu P.M.,"[{'@_fa': 'true', 'affilname': 'University of Economics Ho Chi Minh City', 'affiliation-city': 'Ho Chi Minh City', 'affiliation-country': 'Viet Nam'}, {'@_fa': 'true', 'affilname': 'CFVG', 'affiliation-city': 'Ho Chi Minh City', 'affiliation-country': 'Viet Nam'}]"
"Determinants of catastrophic costs among households affected by multi-drug resistant tuberculosis in Ho Chi Minh City, Viet Nam: a prospective cohort study",Pham T.A.M.,"[{'@_fa': 'true', 'affilname': 'Karolinska Institutet', 'affiliation-city': 'Stockholm', 'affiliation-country': 'Sweden'}]"
Functional equation for pure Yang–Mills Wilson-loop two-point correlator from Schwinger–Dyson equations,Vercauteren D.,"[{'@_fa': 'true', 'affilname': 'Duy Tan University', 'affiliation-city': 'Da Nang', 'affiliation-country': 'Viet Nam'}]"
Vietnamese Social Workers’ Work-Related Difficulties and Perceived Need for Psychological Support during the COVID-19 Pandemic,Nguyen T.M.,"[{'@_fa': 'true', 'affilname': 'University of Labour and Social Affairs', 'affiliation-city': 'Ho Chi Minh City', 'affiliation-country': 'Viet Nam'}]"
The robust scheme for intrusion detection system in Internet of Things,Nguyen D.T.,"[{'@_fa': 'true', 'affilname': 'Viet Nam National University Ho Chi Minh City', 'affiliation-city': 'Ho Chi Minh City', 'affiliation-country': 'Viet Nam'}]"
A FAULT DETECTION AND DIAGNOSIS SOLUTION FOR PLC-BASED INDUSTRIAL PROCESS CONTROL SYSTEMS,Truong D.N.,"[{'@_fa': 'true', 'affilname': 'HCMC University of Technology and Education', 'affiliation-city': 'Ho Chi Minh City', 'affiliation-country': 'Viet Nam'}]"
Vietnamese online media leaders’ and citizens’ perspectives on Vietnam-US relations,Nguyễn A.C.,"[{'@_fa': 'true', 'affilname': 'Vietnam National University, Hanoi', 'affiliation-city': 'Hanoi', 'affiliation-country': 'Viet Nam'}]"
Graphene footprints in energy storage systems—An overview,Kausar A.,"[{'@_fa': 'true', 'affilname': 'Ithemba Laboratory for Accelerator-Based Sciences', 'affiliation-city': 'Somerset West', 'affiliation-country': 'South Africa'}, {'@_fa': 'true', 'affilname': 'Northwestern Polytechnical University', 'affiliation-city': ""Xi'an"", 'affiliation-country': 'China'}]"
"Effects of Lianhuaqingwen Capsules in adults with mild-to-moderate coronavirus disease 2019: an international, multicenter, double-blind, randomized controlled trial",Zheng J.p.,"[{'@_fa': 'true', 'affilname': 'Guangzhou Medical University', 'affiliation-city': 'Guangzhou', 'affiliation-country': 'China'}]"
Monitoring and control system of environmental parameters in swiftlet houses,Huynh H.X.,"[{'@_fa': 'true', 'affilname': 'Can Tho University', 'affiliation-city': 'Can Tho', 'affiliation-country': 'Viet Nam'}]"
Adaptive laboratory evolution under acetic acid stress enhances the multistress tolerance and ethanol production efficiency of Pichia kudriavzevii from lignocellulosic biomass,Dolpatcha S.,"[{'@_fa': 'true', 'affilname': 'Khon Kaen University', 'affiliation-city': 'Khon Kaen', 'affiliation-country': 'Thailand'}]"
Geometric Collective Model of Atomic Nuclei: Finite Element Method Implementations,Gusev A.A.,"[{'@_fa': 'true', 'affilname': 'Dubna International University', 'affiliation-city': 'Dubna', 'affiliation-country': 'Russian Federation'}, {'@_fa': 'true', 'affilname': 'Joint Institute for Nuclear Research, Dubna', 'affiliation-city': 'Dubna', 'affiliation-country': 'Russian Federation'}]"
Determinants of the renewable energy consumption: The case of Asian countries,Hoa P.X.,"[{'@_fa': 'true', 'affilname': 'National Economics University', 'affiliation-city': 'Vietnam', 'affiliation-country': 'Viet Nam'}]"
Evaluating newly approved drugs in combination regimens for multidrug-resistant tuberculosis with fluoroquinolone resistance (endTB-Q): study protocol for a multi-country randomized controlled trial,Patil S.B.,"[{'@_fa': 'true', 'affilname': 'Indian Council of Medical Research', 'affiliation-city': 'New Delhi', 'affiliation-country': 'India'}]"
ANN-based averaging scheme for damage detection of high-rise buildings under noisy conditions,Nguyen Q.T.,"[{'@_fa': 'true', 'affilname': 'Dại học Nguyen Tat Thanh', 'affiliation-city': 'Ho Chi Minh City', 'affiliation-country': 'Viet Nam'}]"
Guaranteed cost control of fractional-order switched systems with mixed time-varying delays,Huyen N.T.T.,"[{'@_fa': 'true', 'affilname': 'TNU-University of Sciences', 'affiliation-city': 'Thai Nguyen', 'affiliation-country': 'Viet Nam'}]"
The impact of entrepreneurship knowledge on students' e-entrepreneurial intention formation and the moderating role of technological innovativeness,Pham M.,"[{'@_fa': 'true', 'affilname': 'Đại học Mở Thành phố Hồ Chí Minh', 'affiliation-city': 'Ho Chi Minh City', 'affiliation-country': 'Viet Nam'}]"
The mediating role of innovation in the relationship between high-performance human resource management practices and firm performance,Nguyen D.T.,"[{'@_fa': 'true', 'affilname': 'Hanoi School of Business and Management', 'affiliation-city': 'Hanoi', 'affiliation-country': 'Viet Nam'}]"
Network interlinkages between artificial intelligence and green energy dynamics during the War in a Pandemic: An application of Bayesian vector heterogeneous autoregressions,Loi N.T.,"[{'@_fa': 'true', 'affilname': 'National Economics University', 'affiliation-city': 'Vietnam', 'affiliation-country': 'Viet Nam'}]"
3How do constructivism learning environments generate better motivation and learning strategies? The Design Science Approach,Do H.N.,"[{'@_fa': 'true', 'affilname': 'University of Economics Ho Chi Minh City', 'affiliation-city': 'Ho Chi Minh City', 'affiliation-country': 'Viet Nam'}]"
"Antiviral and immunostimulatory effects of Ssanti-Covir, a mixed herbal formulation, in cyclophosphamide-treated mice",Pham M.N.,"[{'@_fa': 'true', 'affilname': 'Ho Chi Minh City University of Technology - HUTECH', 'affiliation-city': 'Ho Chi Minh City', 'affiliation-country': 'Viet Nam'}, {'@_fa': 'true', 'affilname': 'SSAVIGROUP Joint Stock Company', 'affiliation-city': 'Ben Tre', 'affiliation-country': 'Viet Nam'}]"
Arsenic (As)-Resistant Endophytic Bacteria Isolated from Ferns Growing in As-Contaminated Areas,Nguyen T.B.K.,"[{'@_fa': 'true', 'affilname': 'Vietnam National University, Hanoi', 'affiliation-city': 'Hanoi', 'affiliation-country': 'Viet Nam'}]"
The monetary policy pass-through mechanism: Is the search-for-yield incentive at work?,Huynh J.,"[{'@_fa': 'true', 'affilname': 'Đại học Mở Thành phố Hồ Chí Minh', 'affiliation-city': 'Ho Chi Minh City', 'affiliation-country': 'Viet Nam'}]"
Telemedicine in home-based care for COVID-19 patients,Van Nguyen S.,"[{'@_fa': 'true', 'affilname': 'University of Medicine and Pharmacy at HCMC', 'affiliation-city': 'Ho Chi Minh City', 'affiliation-country': 'Viet Nam'}, {'@_fa': 'true', 'affilname': 'Jio Health Smart Clinic', 'affiliation-city': 'Ho Chi Minh City', 'affiliation-country': 'Viet Nam'}]"
Ambiguities in implementing regulations for sustainable groundwater resources development in Vietnam with a case study of Tra Vinh province in Mekong Delta,Phan T.L.,"[{'@_fa': 'true', 'affilname': 'Division of Water Resources Planning and Investigation for the South of Vietnam', 'affiliation-city': 'Ho Chi Minh City', 'affiliation-country': 'Viet Nam'}]"
"Integrated geophysical and petrophysical characterization of Upper Jurassic carbonate reservoirs from Penobscot field, Nova Scotia: a case study",Narayan S.,"[{'@_fa': 'true', 'affilname': 'Oil and Natural Gas Corporation Limited', 'affiliation-city': 'Dehradun', 'affiliation-country': 'India'}]"
"Healthcare students’ knowledge, attitudes, and perspectives toward artificial intelligence in the southern Vietnam",Truong N.M.,"[{'@_fa': 'true', 'affilname': 'Pham Ngoc Thach University of Medicine', 'affiliation-city': 'Ho Chi Minh City', 'affiliation-country': 'Viet Nam'}]"
"An empirical model for electrical resistivity of mortar considering the synergistic effects of carbon fillers, current intensity, and environmental factors",Chi V.M.,"[{'@_fa': 'true', 'affilname': 'University of Danang', 'affiliation-city': 'Da Nang', 'affiliation-country': 'Viet Nam'}]"
Analyses on thermal vibration and stability of sandwich skew plates with functionally graded porous core,Wattanasakulpong N.,"[{'@_fa': 'true', 'affilname': 'Walailak University', 'affiliation-city': 'Tha Sala', 'affiliation-country': 'Thailand'}]"
Fabrication and properties of polyethylene terephthalate (PET) aerogel composites from plastic bottle waste,Goh X.Y.,"[{'@_fa': 'true', 'affilname': 'National University of Singapore', 'affiliation-city': 'Singapore City', 'affiliation-country': 'Singapore'}]"
"Proposal, process development, and multi-aspect investigation of a novel environmentally friendly multigeneration process in arrangement with a sea water desalination unit",Lin F.,"[{'@_fa': 'true', 'affilname': 'Sanming University', 'affiliation-city': 'Sanming', 'affiliation-country': 'China'}, {'@_fa': 'true', 'affilname': 'Hubei Three Gorges Polytechnic', 'affiliation-city': 'Yichang', 'affiliation-country': 'China'}]"
Probabilistic damage identification of FGM structures using model updating procedure based on expansion of incomplete FRF data,Dinh-Cong D.,"[{'@_fa': 'true', 'affilname': 'Van Lang University', 'affiliation-city': 'Ho Chi Minh City', 'affiliation-country': 'Viet Nam'}]"
Development and validation of Vietnam teachers' resilience scale instrument: A four-factor model,Nguyet Trang T.T.,"[{'@_fa': 'true', 'affilname': 'TNU-International School', 'affiliation-city': 'Thai Nguyen City', 'affiliation-country': 'Viet Nam'}]"
Comparative analysis of phenolic content and in vitro bioactivities of Bidens pilosa L. flowers and leaves as affected by extraction solvents,Nguyen T.H.D.,"[{'@_fa': 'true', 'affilname': 'Trường Đại học Công nghiệp thành phố Hồ Chí Minh', 'affiliation-city': 'Ho Chi Minh City', 'affiliation-country': 'Viet Nam'}]"
Unusual plastic deformation mechanism in copper-high entropy alloy nanocomposites: Insights from molecular dynamics simulations,Hong Hue D.T.,"[{'@_fa': 'true', 'affilname': 'Hanoi University of Science and Technology', 'affiliation-city': 'Hanoi', 'affiliation-country': 'Viet Nam'}]"
Evaluation of the effect of the vertical component of an earthquake on the seismic response of container cranes using the shake table test,Nguyen V.B.,"[{'@_fa': 'true', 'affilname': 'Vietnam National University, Hanoi', 'affiliation-city': 'Hanoi', 'affiliation-country': 'Viet Nam'}]"
Complete genome sequence data of chitin-degrading Bacillus velezensis RB.IBE29,Tran D.M.,"[{'@_fa': 'true', 'affilname': 'Tay Nguyen University', 'affiliation-city': 'Buon Ma Thuot', 'affiliation-country': 'Viet Nam'}]"
Nonlinear transient analysis of functionally graded sandwich spherical shells subjected to blast loading in the thermal environment,Do N.T.,"[{'@_fa': 'true', 'affilname': 'Hanoi University of Industry', 'affiliation-city': 'Hanoi', 'affiliation-country': 'Viet Nam'}]"
Effective adsorption of Pb(II) ion from aqueous solution onto ZSM-5 zeolite synthesized from Vietnamese bentonite clay,Nguyen N.A.,"[{'@_fa': 'true', 'affilname': 'Dại học Nguyen Tat Thanh', 'affiliation-city': 'Ho Chi Minh City', 'affiliation-country': 'Viet Nam'}]"
"Severe plastic deformation: Nanostructured materials, metal-based and polymer-based nanocomposites: A review",Fattahi M.,"[{'@_fa': 'true', 'affilname': 'Duy Tan University', 'affiliation-city': 'Da Nang', 'affiliation-country': 'Viet Nam'}]"
Impacts of perinatal dioxin exposure on gaze behavior in 2-year-old children in the largest dioxin-contaminated area in Vietnam,Thao P.N.,"[{'@_fa': 'true', 'affilname': 'Vietnam Military Medical University', 'affiliation-city': 'Hanoi', 'affiliation-country': 'Viet Nam'}]"
Upgrading MnO<inf>2</inf>@CuO with GO as a superior heterogeneous nanocatalyst for transesterification of dairy waste oils to biodiesel through electrolysis procedure,Zhang H.,"[{'@_fa': 'true', 'affilname': 'Tianjin University', 'affiliation-city': 'Tianjin', 'affiliation-country': 'China'}]"
Usage of computational method for hemodynamic analysis of intracranial aneurysm rupture risk in different geometrical aspects,Fattahi M.,"[{'@_fa': 'true', 'affilname': 'Duy Tan University', 'affiliation-city': 'Da Nang', 'affiliation-country': 'Viet Nam'}]"
